Advertiser,Advertiser Name,Region,Region Name,Imps,Clicks
295,BENCHMADE,US-CA,California,5842,59
49,FJALLRAVEN,CA-BC,British Columbia,5844,329
174,POSITEC-WORX-TRADR,US-CO,Colorado,5845,48
252,SMARTBIZ-MDG-TRADR,US-CO,Colorado,5845,12
358,VISITDENVER,US-TX,Texas,5846,14
382,FILSON,US-FL,Florida,5847,161
358,VISITDENVER,US-RI,Rhode Island,5848,33
274,BOBOS,US-OR,Oregon,5849,61
358,VISITDENVER,US-OH,Ohio,5851,28
356,STARFACE-MDG-TRADR,US-OK,Oklahoma,5852,70
182,ZIPRECRUITER-MDG-TRADR,US-AZ,Arizona,5853,0
358,VISITDENVER,US-VA,Virginia,5855,10
274,BOBOS,US-RI,Rhode Island,5861,73
358,VISITDENVER,US-CO,Colorado,5863,14
381,MODERNTREASURY-MDG-TRADR,US-FL,Florida,5865,37
256,SHEEX-MDG-TRADR,US-ID,Idaho,5869,123
358,VISITDENVER,US-MA,Massachusetts,5869,34
358,VISITDENVER,US-NE,Nebraska,5870,9
49,FJALLRAVEN,US-WA,Washington,5870,235
182,ZIPRECRUITER-MDG-TRADR,US-FL,Florida,5873,0
358,VISITDENVER,US-FL,Florida,5873,28
358,VISITDENVER,US-NJ,New Jersey,5873,30
182,ZIPRECRUITER-MDG-TRADR,US-WI,Wisconsin,5873,0
358,VISITDENVER,US-PA,Pennsylvania,5874,23
358,VISITDENVER,US-TX,Texas,5874,22
358,VISITDENVER,US-MI,Michigan,5875,20
358,VISITDENVER,US-OK,Oklahoma,5877,32
358,VISITDENVER,US-PA,Pennsylvania,5877,46
359,THEGREAT,US-IN,Indiana,5879,327
358,VISITDENVER,US-MI,Michigan,5879,17
358,VISITDENVER,US-IA,Iowa,5880,20
358,VISITDENVER,US-MS,Mississippi,5880,16
256,SHEEX-MDG-TRADR,US-RI,Rhode Island,5880,223
174,POSITEC-WORX-TRADR,US-AZ,Arizona,5882,38
182,ZIPRECRUITER-MDG-TRADR,US-CA,California,5882,0
358,VISITDENVER,US-PA,Pennsylvania,5882,25
49,FJALLRAVEN,US-CA,California,5884,164
358,VISITDENVER,US-IL,Illinois,5886,32
358,VISITDENVER,US-MI,Michigan,5887,19
252,SMARTBIZ-MDG-TRADR,US-WA,Washington,5888,16
174,POSITEC-WORX-TRADR,US-VA,Virginia,5890,186
358,VISITDENVER,US-KS,Kansas,5891,30
358,VISITDENVER,US-WI,Wisconsin,5891,24
298,ANON,US-IL,Illinois,5892,20
174,POSITEC-WORX-TRADR,US-WA,Washington,5892,45
358,VISITDENVER,US-NC,North Carolina,5895,38
216,ROYAL ROBBINS,US-AZ,Arizona,5897,235
358,VISITDENVER,US-ID,Idaho,5897,13
359,THEGREAT,US-CA,California,5898,354
382,FILSON,US-CA,California,5898,26
358,VISITDENVER,US-IN,Indiana,5898,32
358,VISITDENVER,US-LA,Louisiana,5899,18
174,POSITEC-WORX-TRADR,US-CA,California,5900,67
356,STARFACE-MDG-TRADR,US-WA,Washington,5900,72
358,VISITDENVER,US-MA,Massachusetts,5901,19
382,FILSON,US-SC,South Carolina,5903,391
356,STARFACE-MDG-TRADR,US-CA,California,5904,72
358,VISITDENVER,US-NY,New York,5905,9
356,STARFACE-MDG-TRADR,US-CO,Colorado,5906,68
358,VISITDENVER,US-MA,Massachusetts,5906,13
358,VISITDENVER,US-NJ,New Jersey,5908,11
358,VISITDENVER,US-AL,Alabama,5909,17
358,VISITDENVER,US-NE,Nebraska,5910,11
252,SMARTBIZ-MDG-TRADR,US-SC,South Carolina,5911,41
174,POSITEC-WORX-TRADR,US-MI,Michigan,5912,167
358,VISITDENVER,US-MD,Maryland,5913,36
382,FILSON,US-FL,Florida,5916,130
358,VISITDENVER,US-MD,Maryland,5916,24
174,POSITEC-WORX-TRADR,US-TX,Texas,5918,97
381,MODERNTREASURY-MDG-TRADR,US-NC,North Carolina,5919,43
358,VISITDENVER,US-MN,Minnesota,5923,27
358,VISITDENVER,US-IL,Illinois,5924,20
358,VISITDENVER,US-MT,Montana,5924,23
174,POSITEC-WORX-TRADR,US-AR,Arkansas,5925,272
274,BOBOS,US-UT,Utah,5926,39
358,VISITDENVER,US-OR,Oregon,5930,34
295,BENCHMADE,US-OR,Oregon,5930,16
274,BOBOS,US-AZ,Arizona,5933,57
256,SHEEX-MDG-TRADR,US-TX,Texas,5933,73
256,SHEEX-MDG-TRADR,US-SC,South Carolina,5934,215
295,BENCHMADE,US-CA,California,5935,13
381,MODERNTREASURY-MDG-TRADR,US-NJ,New Jersey,5937,47
49,FJALLRAVEN,US-TX,Texas,5937,347
295,BENCHMADE,US-ME,Maine,5938,11
174,POSITEC-WORX-TRADR,US-CT,Connecticut,5939,171
182,ZIPRECRUITER-MDG-TRADR,US-AR,Arkansas,5941,0
252,SMARTBIZ-MDG-TRADR,US-CT,Connecticut,5946,5
364,SCOOTER-KARSHHAGAN,US-NC,North Carolina,5947,142
274,BOBOS,US-VA,Virginia,5948,98
358,VISITDENVER,US-PA,Pennsylvania,5949,26
385,DUKECANNON,US-NC,North Carolina,5951,1028
382,FILSON,US-WI,Wisconsin,5951,557
358,VISITDENVER,US-CA,California,5952,17
49,FJALLRAVEN,US-TX,Texas,5952,274
182,ZIPRECRUITER-MDG-TRADR,US-WA,Washington,5956,0
174,POSITEC-WORX-TRADR,US-OH,Ohio,5958,81
358,VISITDENVER,US-OH,Ohio,5962,27
358,VISITDENVER,US-PA,Pennsylvania,5962,47
182,ZIPRECRUITER-MDG-TRADR,US-IN,Indiana,5963,0
381,MODERNTREASURY-MDG-TRADR,US-CT,Connecticut,5965,25
358,VISITDENVER,US-MI,Michigan,5965,19
174,POSITEC-WORX-TRADR,US-SC,South Carolina,5965,147
382,FILSON,US-AZ,Arizona,5966,256
390,JobsOhio,US-OH,Ohio,5966,8
358,VISITDENVER,US-NH,New Hampshire,5969,8
256,SHEEX-MDG-TRADR,US-UT,Utah,5970,107
358,VISITDENVER,US-CA,California,5972,14
252,SMARTBIZ-MDG-TRADR,US-AZ,Arizona,5973,63
174,POSITEC-WORX-TRADR,US-CA,California,5973,158
358,VISITDENVER,US-FL,Florida,5973,43
252,SMARTBIZ-MDG-TRADR,US-SC,South Carolina,5975,11
174,POSITEC-WORX-TRADR,US-CA,California,5977,73
358,VISITDENVER,US-CA,California,5977,10
182,ZIPRECRUITER-MDG-TRADR,US-GA,Georgia,5977,0
358,VISITDENVER,US-MS,Mississippi,5979,24
274,BOBOS,US-CO,Colorado,5981,42
358,VISITDENVER,US-OH,Ohio,5982,36
174,POSITEC-WORX-TRADR,US-MI,Michigan,5983,223
358,VISITDENVER,US-IN,Indiana,5987,26
274,BOBOS,US-MD,Maryland,5987,76
349,WINE ENTHUSIAST,US-FL,Florida,5989,14
174,POSITEC-WORX-TRADR,US-OH,Ohio,5989,718
252,SMARTBIZ-MDG-TRADR,US-FL,Florida,5992,27
358,VISITDENVER,US-SC,South Carolina,5992,34
174,POSITEC-WORX-TRADR,US-PA,Pennsylvania,5994,112
351,PINNACLEBANK&BOC-KARSHHAGAN,US-WY,Wyoming,5994,8
182,ZIPRECRUITER-MDG-TRADR,US-CA,California,5996,0
358,VISITDENVER,US-ME,Maine,5997,21
182,ZIPRECRUITER-MDG-TRADR,US-AR,Arkansas,5998,0
358,VISITDENVER,US-CT,Connecticut,5998,37
49,FJALLRAVEN,CA-AB,Alberta,6000,423
295,BENCHMADE,US-CO,Colorado,6000,9
358,VISITDENVER,US-MI,Michigan,6000,36
351,PINNACLEBANK&BOC-KARSHHAGAN,US-WY,Wyoming,6001,5
274,BOBOS,US-ME,Maine,6003,34
382,FILSON,US-NY,New York,6003,332
174,POSITEC-WORX-TRADR,US-SC,South Carolina,6003,182
381,MODERNTREASURY-MDG-TRADR,US-FL,Florida,6005,32
274,BOBOS,US-CA,California,6006,67
182,ZIPRECRUITER-MDG-TRADR,US-MA,Massachusetts,6013,1
358,VISITDENVER,US-CO,Colorado,6014,19
49,FJALLRAVEN,US-KS,Kansas,6015,154
358,VISITDENVER,US-MA,Massachusetts,6017,5
358,VISITDENVER,US-MI,Michigan,6017,21
358,VISITDENVER,US-IL,Illinois,6018,17
381,MODERNTREASURY-MDG-TRADR,US-PA,Pennsylvania,6018,34
174,POSITEC-WORX-TRADR,US-VA,Virginia,6018,260
326,7Mesh,CA-BC,British Columbia,6019,396
349,WINE ENTHUSIAST,US-CA,California,6020,14
358,VISITDENVER,US-PA,Pennsylvania,6020,27
325,STAUD,US-NJ,New Jersey,6021,107
358,VISITDENVER,US-VA,Virginia,6022,15
174,POSITEC-WORX-TRADR,US-CA,California,6024,84
358,VISITDENVER,US-IN,Indiana,6025,16
381,MODERNTREASURY-MDG-TRADR,US-IA,Iowa,6027,44
358,VISITDENVER,US-RI,Rhode Island,6029,27
49,FJALLRAVEN,US-WY,Wyoming,6029,51
358,VISITDENVER,US-OK,Oklahoma,6031,25
358,VISITDENVER,US-VT,Vermont,6032,32
358,VISITDENVER,US-TX,Texas,6033,17
49,FJALLRAVEN,US-CA,California,6035,280
358,VISITDENVER,US-CA,California,6036,19
358,VISITDENVER,US-PA,Pennsylvania,6036,28
274,BOBOS,US-AZ,Arizona,6038,84
385,DUKECANNON,US-CA,California,6039,345
358,VISITDENVER,US-VT,Vermont,6040,34
358,VISITDENVER,US-FL,Florida,6041,27
295,BENCHMADE,US-KS,Kansas,6042,19
358,VISITDENVER,US-MA,Massachusetts,6042,35
358,VISITDENVER,US-OH,Ohio,6043,31
349,WINE ENTHUSIAST,US-CT,Connecticut,6045,13
174,POSITEC-WORX-TRADR,US-WA,Washington,6045,118
174,POSITEC-WORX-TRADR,US-GA,Georgia,6046,315
358,VISITDENVER,US-CT,Connecticut,6047,29
358,VISITDENVER,US-NE,Nebraska,6048,21
382,FILSON,US-NC,North Carolina,6055,166
358,VISITDENVER,US-RI,Rhode Island,6055,17
49,FJALLRAVEN,US-CA,California,6057,417
256,SHEEX-MDG-TRADR,US-OK,Oklahoma,6058,180
256,SHEEX-MDG-TRADR,US-WY,Wyoming,6058,77
182,ZIPRECRUITER-MDG-TRADR,US-AL,Alabama,6063,0
358,VISITDENVER,US-CT,Connecticut,6063,19
182,ZIPRECRUITER-MDG-TRADR,US-CA,California,6064,0
358,VISITDENVER,US-FL,Florida,6065,32
182,ZIPRECRUITER-MDG-TRADR,US-TN,Tennessee,6066,0
252,SMARTBIZ-MDG-TRADR,US-FL,Florida,6067,10
358,VISITDENVER,US-CT,Connecticut,6068,29
358,VISITDENVER,US-NY,New York,6068,1
358,VISITDENVER,US-MI,Michigan,6069,45
358,VISITDENVER,US-MI,Michigan,6070,19
382,FILSON,US-MT,Montana,6072,184
174,POSITEC-WORX-TRADR,US-NC,North Carolina,6072,230
358,VISITDENVER,US-FL,Florida,6073,43
174,POSITEC-WORX-TRADR,US-CA,California,6074,150
358,VISITDENVER,US-FL,Florida,6077,24
49,FJALLRAVEN,US-KS,Kansas,6078,85
174,POSITEC-WORX-TRADR,US-TN,Tennessee,6078,219
182,ZIPRECRUITER-MDG-TRADR,US-CA,California,6079,2
49,FJALLRAVEN,US-ID,Idaho,6080,163
174,POSITEC-WORX-TRADR,US-IL,Illinois,6081,214
358,VISITDENVER,US-IL,Illinois,6082,22
174,POSITEC-WORX-TRADR,US-MA,Massachusetts,6082,309
49,FJALLRAVEN,US-UT,Utah,6084,198
358,VISITDENVER,US-CO,Colorado,6087,19
174,POSITEC-WORX-TRADR,US-HI,Hawaii,6087,14
358,VISITDENVER,US-RI,Rhode Island,6087,18
358,VISITDENVER,US-NJ,New Jersey,6090,16
382,FILSON,US-TX,Texas,6090,245
358,VISITDENVER,US-PA,Pennsylvania,6095,29
252,SMARTBIZ-MDG-TRADR,US-UT,Utah,6096,19
274,BOBOS,US-CO,Colorado,6099,29
358,VISITDENVER,US-VA,Virginia,6100,28
358,VISITDENVER,US-MA,Massachusetts,6101,25
358,VISITDENVER,US-CA,California,6102,12
385,DUKECANNON,US-FL,Florida,6103,475
174,POSITEC-WORX-TRADR,US-ME,Maine,6103,97
358,VISITDENVER,US-NY,New York,6103,21
351,PINNACLEBANK&BOC-KARSHHAGAN,US-NE,Nebraska,6104,11
358,VISITDENVER,US-ID,Idaho,6106,23
182,ZIPRECRUITER-MDG-TRADR,US-CT,Connecticut,6107,0
381,MODERNTREASURY-MDG-TRADR,US-OR,Oregon,6107,68
358,VISITDENVER,US-PA,Pennsylvania,6107,23
358,VISITDENVER,US-GA,Georgia,6109,27
358,VISITDENVER,US-NY,New York,6109,8
358,VISITDENVER,US-TX,Texas,6109,21
385,DUKECANNON,US-MO,Missouri,6111,445
358,VISITDENVER,US-CA,California,6113,14
382,FILSON,US-GA,Georgia,6113,291
345,NORTHERNLIGHTSHEALTH-KARSHHAGAN,US-ME,Maine,6113,78
358,VISITDENVER,US-RI,Rhode Island,6114,25
358,VISITDENVER,US-TX,Texas,6114,23
358,VISITDENVER,US-WA,Washington,6114,19
325,STAUD,US-CO,Colorado,6117,181
252,SMARTBIZ-MDG-TRADR,US-DE,Delaware,6117,14
358,VISITDENVER,US-MD,Maryland,6117,8
358,VISITDENVER,US-MT,Montana,6117,8
174,POSITEC-WORX-TRADR,US-HI,Hawaii,6118,22
358,VISITDENVER,US-MD,Maryland,6118,14
182,ZIPRECRUITER-MDG-TRADR,US-FL,Florida,6119,1
358,VISITDENVER,US-AL,Alabama,6121,24
252,SMARTBIZ-MDG-TRADR,US-TX,Texas,6122,25
381,MODERNTREASURY-MDG-TRADR,US-MI,Michigan,6123,75
385,DUKECANNON,US-OH,Ohio,6124,530
358,VISITDENVER,US-UT,Utah,6127,34
358,VISITDENVER,US-IN,Indiana,6128,26
174,POSITEC-WORX-TRADR,US-CA,California,6129,110
382,FILSON,US-RI,Rhode Island,6129,321
349,WINE ENTHUSIAST,US-CA,California,6130,14
359,THEGREAT,US-NY,New York,6130,261
382,FILSON,US-TX,Texas,6130,202
182,ZIPRECRUITER-MDG-TRADR,US-MI,Michigan,6137,0
252,SMARTBIZ-MDG-TRADR,US-VA,Virginia,6141,34
358,VISITDENVER,US-PA,Pennsylvania,6143,27
358,VISITDENVER,US-NJ,New Jersey,6145,13
382,FILSON,US-CO,Colorado,6146,80
358,VISITDENVER,US-IL,Illinois,6146,16
358,VISITDENVER,US-OH,Ohio,6147,31
358,VISITDENVER,US-CA,California,6148,15
358,VISITDENVER,US-MO,Missouri,6149,26
295,BENCHMADE,US-CO,Colorado,6151,9
49,FJALLRAVEN,US-MD,Maryland,6152,640
182,ZIPRECRUITER-MDG-TRADR,US-NC,North Carolina,6156,1
174,POSITEC-WORX-TRADR,US-TN,Tennessee,6156,260
174,POSITEC-WORX-TRADR,US-IL,Illinois,6159,284
382,FILSON,US-ME,Maine,6161,225
256,SHEEX-MDG-TRADR,US-NM,New Mexico,6161,162
358,VISITDENVER,US-WA,Washington,6161,15
378,RUX,CA-BC,British Columbia,6162,512
325,STAUD,US-TX,Texas,6162,1040
301,BURTON,US-CO,Colorado,6163,12
358,VISITDENVER,US-AZ,Arizona,6166,31
174,POSITEC-WORX-TRADR,US-OH,Ohio,6166,221
358,VISITDENVER,US-OK,Oklahoma,6166,24
182,ZIPRECRUITER-MDG-TRADR,US-TX,Texas,6166,0
174,POSITEC-WORX-TRADR,US-ID,Idaho,6167,57
358,VISITDENVER,US-NC,North Carolina,6168,15
358,VISITDENVER,US-MS,Mississippi,6170,39
182,ZIPRECRUITER-MDG-TRADR,US-GA,Georgia,6172,0
358,VISITDENVER,US-IL,Illinois,6173,15
358,VISITDENVER,US-AR,Arkansas,6174,18
256,SHEEX-MDG-TRADR,US-MO,Missouri,6174,157
358,VISITDENVER,US-MN,Minnesota,6176,37
349,WINE ENTHUSIAST,US-NV,Nevada,6176,11
174,POSITEC-WORX-TRADR,US-MI,Michigan,6177,158
174,POSITEC-WORX-TRADR,US-NY,New York,6178,361
358,VISITDENVER,US-CA,California,6179,14
358,VISITDENVER,US-NJ,New Jersey,6182,38
49,FJALLRAVEN,US-MO,Missouri,6187,184
182,ZIPRECRUITER-MDG-TRADR,US-VA,Virginia,6187,1
49,FJALLRAVEN,US-NY,New York,6188,322
358,VISITDENVER,US-IL,Illinois,6189,24
358,VISITDENVER,US-NC,North Carolina,6189,15
358,VISITDENVER,US-HI,Hawaii,6191,16
349,WINE ENTHUSIAST,US-CA,California,6192,9
345,NORTHERNLIGHTSHEALTH-KARSHHAGAN,US-ME,Maine,6192,339
274,BOBOS,US-TN,Tennessee,6197,93
359,THEGREAT,US-MT,Montana,6199,32
182,ZIPRECRUITER-MDG-TRADR,US-VA,Virginia,6199,0
358,VISITDENVER,US-WI,Wisconsin,6200,22
382,FILSON,US-SC,South Carolina,6202,311
382,FILSON,US-AL,Alabama,6206,258
381,MODERNTREASURY-MDG-TRADR,US-SC,South Carolina,6206,53
358,VISITDENVER,US-OH,Ohio,6208,29
174,POSITEC-WORX-TRADR,US-NE,Nebraska,6209,102
381,MODERNTREASURY-MDG-TRADR,US-MD,Maryland,6211,49
358,VISITDENVER,US-TN,Tennessee,6211,25
358,VISITDENVER,US-NY,New York,6213,20
358,VISITDENVER,US-TX,Texas,6213,26
182,ZIPRECRUITER-MDG-TRADR,US-FL,Florida,6217,0
182,ZIPRECRUITER-MDG-TRADR,US-TX,Texas,6217,0
252,SMARTBIZ-MDG-TRADR,US-KY,Kentucky,6221,9
358,VISITDENVER,US-KS,Kansas,6226,26
382,FILSON,US-WV,West Virginia,6226,172
358,VISITDENVER,US-PA,Pennsylvania,6227,34
358,VISITDENVER,US-WI,Wisconsin,6229,25
174,POSITEC-WORX-TRADR,US-FL,Florida,6231,261
182,ZIPRECRUITER-MDG-TRADR,US-TX,Texas,6236,0
256,SHEEX-MDG-TRADR,US-CO,Colorado,6238,142
174,POSITEC-WORX-TRADR,US-AZ,Arizona,6239,68
182,ZIPRECRUITER-MDG-TRADR,US-CA,California,6239,0
358,VISITDENVER,US-IL,Illinois,6240,26
256,SHEEX-MDG-TRADR,US-TN,Tennessee,6241,195
351,PINNACLEBANK&BOC-KARSHHAGAN,US-NE,Nebraska,6242,81
252,SMARTBIZ-MDG-TRADR,US-TX,Texas,6242,8
382,FILSON,US-DE,Delaware,6245,181
381,MODERNTREASURY-MDG-TRADR,US-VA,Virginia,6245,68
358,VISITDENVER,US-KY,Kentucky,6247,29
174,POSITEC-WORX-TRADR,US-NJ,New Jersey,6247,306
252,SMARTBIZ-MDG-TRADR,US-FL,Florida,6249,20
252,SMARTBIZ-MDG-TRADR,US-LA,Louisiana,6250,15
252,SMARTBIZ-MDG-TRADR,US-FL,Florida,6251,26
174,POSITEC-WORX-TRADR,US-MD,Maryland,6252,395
174,POSITEC-WORX-TRADR,US-IA,Iowa,6253,263
358,VISITDENVER,US-NE,Nebraska,6253,16
256,SHEEX-MDG-TRADR,US-NC,North Carolina,6254,256
358,VISITDENVER,US-KS,Kansas,6255,29
358,VISITDENVER,US-MI,Michigan,6256,28
358,VISITDENVER,US-NY,New York,6257,23
49,FJALLRAVEN,CA-ON,Ontario,6257,495
358,VISITDENVER,US-NJ,New Jersey,6259,25
358,VISITDENVER,US-PA,Pennsylvania,6259,29
358,VISITDENVER,US-OH,Ohio,6260,24
49,FJALLRAVEN,US-CO,Colorado,6265,93
182,ZIPRECRUITER-MDG-TRADR,US-TX,Texas,6265,0
358,VISITDENVER,US-NH,New Hampshire,6269,49
382,FILSON,US-FL,Florida,6272,95
358,VISITDENVER,US-PA,Pennsylvania,6273,28
252,SMARTBIZ-MDG-TRADR,US-VA,Virginia,6274,33
256,SHEEX-MDG-TRADR,US-TX,Texas,6275,158
358,VISITDENVER,US-IA,Iowa,6278,14
358,VISITDENVER,US-MI,Michigan,6280,32
358,VISITDENVER,US-MI,Michigan,6280,22
358,VISITDENVER,US-NY,New York,6280,19
174,POSITEC-WORX-TRADR,US-TN,Tennessee,6280,297
358,VISITDENVER,US-IN,Indiana,6283,36
382,FILSON,US-MT,Montana,6286,457
358,VISITDENVER,US-ME,Maine,6287,20
274,BOBOS,US-HI,Hawaii,6288,31
182,ZIPRECRUITER-MDG-TRADR,US-OH,Ohio,6288,0
358,VISITDENVER,US-NM,New Mexico,6290,21
358,VISITDENVER,US-KS,Kansas,6291,22
274,BOBOS,US-TX,Texas,6292,3
358,VISITDENVER,US-TX,Texas,6294,25
358,VISITDENVER,US-IN,Indiana,6295,26
358,VISITDENVER,US-IN,Indiana,6296,61
358,VISITDENVER,US-TN,Tennessee,6296,29
364,SCOOTER-KARSHHAGAN,US-IL,Illinois,6298,54
358,VISITDENVER,US-OK,Oklahoma,6299,26
382,FILSON,US-UT,Utah,6299,149
358,VISITDENVER,US-MA,Massachusetts,6303,28
174,POSITEC-WORX-TRADR,US-TX,Texas,6305,298
359,THEGREAT,US-CA,California,6306,293
382,FILSON,US-OR,Oregon,6307,276
174,POSITEC-WORX-TRADR,US-FL,Florida,6308,387
358,VISITDENVER,US-IN,Indiana,6308,22
182,ZIPRECRUITER-MDG-TRADR,US-CO,Colorado,6309,0
49,FJALLRAVEN,US-AL,Alabama,6312,335
345,NORTHERNLIGHTSHEALTH-KARSHHAGAN,US-ME,Maine,6312,59
358,VISITDENVER,US-NJ,New Jersey,6313,10
174,POSITEC-WORX-TRADR,US-PA,Pennsylvania,6313,348
382,FILSON,US-FL,Florida,6316,105
358,VISITDENVER,US-NY,New York,6316,36
358,VISITDENVER,US-IN,Indiana,6317,15
359,THEGREAT,US-OH,Ohio,6317,507
358,VISITDENVER,US-NY,New York,6319,14
358,VISITDENVER,US-AZ,Arizona,6320,17
358,VISITDENVER,US-MA,Massachusetts,6320,22
256,SHEEX-MDG-TRADR,US-FL,Florida,6321,254
49,FJALLRAVEN,US-CT,Connecticut,6322,356
174,POSITEC-WORX-TRADR,US-FL,Florida,6325,434
349,WINE ENTHUSIAST,US-FL,Florida,6326,10
358,VISITDENVER,US-MD,Maryland,6327,16
216,ROYAL ROBBINS,US-DC,District of Columbia,6330,340
358,VISITDENVER,US-SD,South Dakota,6331,24
256,SHEEX-MDG-TRADR,US-MI,Michigan,6333,160
49,FJALLRAVEN,US-CA,California,6334,222
358,VISITDENVER,US-WY,Wyoming,6334,12
358,VISITDENVER,US-MA,Massachusetts,6336,26
358,VISITDENVER,US-MS,Mississippi,6336,22
274,BOBOS,US-PA,Pennsylvania,6336,98
358,VISITDENVER,US-PA,Pennsylvania,6337,29
174,POSITEC-WORX-TRADR,US-TX,Texas,6337,129
174,POSITEC-WORX-TRADR,US-MA,Massachusetts,6338,21
174,POSITEC-WORX-TRADR,US-MI,Michigan,6342,211
256,SHEEX-MDG-TRADR,US-NC,North Carolina,6342,215
182,ZIPRECRUITER-MDG-TRADR,US-OH,Ohio,6342,0
49,FJALLRAVEN,US-MD,Maryland,6344,616
381,MODERNTREASURY-MDG-TRADR,US-FL,Florida,6345,41
381,MODERNTREASURY-MDG-TRADR,US-VA,Virginia,6345,68
358,VISITDENVER,US-IL,Illinois,6347,24
358,VISITDENVER,US-MI,Michigan,6347,39
358,VISITDENVER,US-CO,Colorado,6348,17
358,VISITDENVER,US-TN,Tennessee,6348,34
252,SMARTBIZ-MDG-TRADR,US-VA,Virginia,6348,15
351,PINNACLEBANK&BOC-KARSHHAGAN,US-CA,California,6351,250
358,VISITDENVER,US-KS,Kansas,6352,18
174,POSITEC-WORX-TRADR,US-DE,Delaware,6356,217
358,VISITDENVER,US-NY,New York,6359,19
358,VISITDENVER,US-NE,Nebraska,6360,0
182,ZIPRECRUITER-MDG-TRADR,US-ID,Idaho,6363,0
49,FJALLRAVEN,US-VT,Vermont,6367,231
358,VISITDENVER,US-TX,Texas,6369,31
174,POSITEC-WORX-TRADR,US-AZ,Arizona,6374,109
358,VISITDENVER,US-CA,California,6374,7
182,ZIPRECRUITER-MDG-TRADR,US-NV,Nevada,6374,0
174,POSITEC-WORX-TRADR,US-NV,Nevada,6375,69
49,FJALLRAVEN,US-AZ,Arizona,6376,53
364,SCOOTER-KARSHHAGAN,US-NC,North Carolina,6376,103
49,FJALLRAVEN,CA-BC,British Columbia,6378,183
256,SHEEX-MDG-TRADR,US-CO,Colorado,6378,68
174,POSITEC-WORX-TRADR,US-MO,Missouri,6380,158
345,NORTHERNLIGHTSHEALTH-KARSHHAGAN,US-ME,Maine,6382,78
358,VISITDENVER,US-CA,California,6388,21
358,VISITDENVER,US-MO,Missouri,6390,19
358,VISITDENVER,US-MO,Missouri,6390,41
174,POSITEC-WORX-TRADR,US-OH,Ohio,6390,280
49,FJALLRAVEN,US-NC,North Carolina,6391,579
174,POSITEC-WORX-TRADR,US-TX,Texas,6391,96
274,BOBOS,US-HI,Hawaii,6392,28
358,VISITDENVER,US-MI,Michigan,6392,36
252,SMARTBIZ-MDG-TRADR,US-CT,Connecticut,6393,52
358,VISITDENVER,US-NM,New Mexico,6395,24
358,VISITDENVER,US-TX,Texas,6395,12
381,MODERNTREASURY-MDG-TRADR,US-CA,California,6399,57
274,BOBOS,US-NC,North Carolina,6400,91
174,POSITEC-WORX-TRADR,US-AL,Alabama,6402,360
252,SMARTBIZ-MDG-TRADR,US-MI,Michigan,6402,23
358,VISITDENVER,US-MN,Minnesota,6406,32
358,VISITDENVER,US-IL,Illinois,6407,28
252,SMARTBIZ-MDG-TRADR,US-FL,Florida,6408,8
174,POSITEC-WORX-TRADR,US-TX,Texas,6412,127
174,POSITEC-WORX-TRADR,US-AL,Alabama,6414,294
174,POSITEC-WORX-TRADR,US-CA,California,6415,138
358,VISITDENVER,US-OH,Ohio,6415,26
358,VISITDENVER,US-IN,Indiana,6417,29
345,NORTHERNLIGHTSHEALTH-KARSHHAGAN,US-NH,New Hampshire,6417,38
358,VISITDENVER,US-OR,Oregon,6419,18
174,POSITEC-WORX-TRADR,US-NC,North Carolina,6422,167
182,ZIPRECRUITER-MDG-TRADR,US-CA,California,6424,0
252,SMARTBIZ-MDG-TRADR,US-TX,Texas,6424,13
49,FJALLRAVEN,US-CO,Colorado,6426,95
382,FILSON,US-KS,Kansas,6426,347
358,VISITDENVER,US-MO,Missouri,6426,16
174,POSITEC-WORX-TRADR,US-CA,California,6429,102
358,VISITDENVER,US-WI,Wisconsin,6429,16
174,POSITEC-WORX-TRADR,US-MI,Michigan,6430,226
358,VISITDENVER,US-ME,Maine,6432,28
174,POSITEC-WORX-TRADR,US-SC,South Carolina,6432,347
358,VISITDENVER,US-FL,Florida,6433,32
358,VISITDENVER,US-AR,Arkansas,6434,32
358,VISITDENVER,US-OH,Ohio,6434,38
358,VISITDENVER,US-IN,Indiana,6435,24
174,POSITEC-WORX-TRADR,US-MD,Maryland,6435,174
385,DUKECANNON,US-MI,Michigan,6438,608
358,VISITDENVER,US-OH,Ohio,6438,22
182,ZIPRECRUITER-MDG-TRADR,US-TX,Texas,6438,0
182,ZIPRECRUITER-MDG-TRADR,US-NY,New York,6440,0
364,SCOOTER-KARSHHAGAN,US-TX,Texas,6442,179
382,FILSON,US-FL,Florida,6443,90
382,FILSON,US-ID,Idaho,6443,226
359,THEGREAT,US-WA,Washington,6443,86
351,PINNACLEBANK&BOC-KARSHHAGAN,US-WY,Wyoming,6443,13
358,VISITDENVER,US-FL,Florida,6446,43
358,VISITDENVER,US-CT,Connecticut,6447,21
364,SCOOTER-KARSHHAGAN,US-IA,Iowa,6447,86
256,SHEEX-MDG-TRADR,US-MI,Michigan,6447,133
385,DUKECANNON,US-PA,Pennsylvania,6448,709
358,VISITDENVER,US-AK,Alaska,6449,16
358,VISITDENVER,US-NJ,New Jersey,6449,13
252,SMARTBIZ-MDG-TRADR,US-NY,New York,6449,23
174,POSITEC-WORX-TRADR,US-CA,California,6452,165
358,VISITDENVER,US-NY,New York,6455,11
382,FILSON,US-UT,Utah,6455,200
381,MODERNTREASURY-MDG-TRADR,US-CA,California,6456,50
182,ZIPRECRUITER-MDG-TRADR,US-FL,Florida,6456,0
358,VISITDENVER,US-MN,Minnesota,6456,19
49,FJALLRAVEN,CA-ON,Ontario,6457,493
49,FJALLRAVEN,CA-BC,British Columbia,6458,283
174,POSITEC-WORX-TRADR,US-MI,Michigan,6461,590
174,POSITEC-WORX-TRADR,US-FL,Florida,6462,284
358,VISITDENVER,US-CA,California,6463,17
358,VISITDENVER,US-WI,Wisconsin,6465,36
252,SMARTBIZ-MDG-TRADR,US-SC,South Carolina,6472,20
381,MODERNTREASURY-MDG-TRADR,US-AZ,Arizona,6475,40
358,VISITDENVER,US-IL,Illinois,6477,22
174,POSITEC-WORX-TRADR,US-IN,Indiana,6477,369
256,SHEEX-MDG-TRADR,US-WA,Washington,6477,1810
182,ZIPRECRUITER-MDG-TRADR,US-FL,Florida,6478,0
182,ZIPRECRUITER-MDG-TRADR,US-IL,Illinois,6479,0
358,VISITDENVER,US-TN,Tennessee,6479,21
358,VISITDENVER,US-NC,North Carolina,6480,20
182,ZIPRECRUITER-MDG-TRADR,US-NC,North Carolina,6485,0
358,VISITDENVER,US-AL,Alabama,6487,20
256,SHEEX-MDG-TRADR,US-LA,Louisiana,6489,221
381,MODERNTREASURY-MDG-TRADR,US-VA,Virginia,6490,103
182,ZIPRECRUITER-MDG-TRADR,US-WI,Wisconsin,6491,0
349,WINE ENTHUSIAST,US-AZ,Arizona,6494,21
295,BENCHMADE,US-MI,Michigan,6494,21
349,WINE ENTHUSIAST,US-SC,South Carolina,6494,3
252,SMARTBIZ-MDG-TRADR,US-AL,Alabama,6495,72
182,ZIPRECRUITER-MDG-TRADR,US-IL,Illinois,6495,0
325,STAUD,US-MO,Missouri,6496,691
174,POSITEC-WORX-TRADR,US-OR,Oregon,6498,57
349,WINE ENTHUSIAST,US-AK,Alaska,6502,16
358,VISITDENVER,US-DE,Delaware,6502,38
256,SHEEX-MDG-TRADR,US-KS,Kansas,6503,158
325,STAUD,US-TX,Texas,6504,1234
358,VISITDENVER,US-IL,Illinois,6507,21
381,MODERNTREASURY-MDG-TRADR,US-KS,Kansas,6510,30
358,VISITDENVER,US-MS,Mississippi,6510,21
358,VISITDENVER,US-TN,Tennessee,6510,22
252,SMARTBIZ-MDG-TRADR,US-AZ,Arizona,6511,13
358,VISITDENVER,US-MA,Massachusetts,6514,13
325,STAUD,US-AZ,Arizona,6515,316
49,FJALLRAVEN,US-TN,Tennessee,6515,238
381,MODERNTREASURY-MDG-TRADR,US-NY,New York,6520,46
358,VISITDENVER,US-OH,Ohio,6521,33
356,STARFACE-MDG-TRADR,US-CA,California,6522,82
216,ROYAL ROBBINS,US-IL,Illinois,6522,322
174,POSITEC-WORX-TRADR,US-NC,North Carolina,6523,169
382,FILSON,US-CO,Colorado,6525,163
49,FJALLRAVEN,CA-BC,British Columbia,6526,281
359,THEGREAT,US-MO,Missouri,6526,174
358,VISITDENVER,US-ME,Maine,6528,21
182,ZIPRECRUITER-MDG-TRADR,US-OK,Oklahoma,6528,0
358,VISITDENVER,US-PA,Pennsylvania,6530,16
182,ZIPRECRUITER-MDG-TRADR,US-KS,Kansas,6532,0
358,VISITDENVER,US-MD,Maryland,6532,34
358,VISITDENVER,US-VA,Virginia,6532,43
174,POSITEC-WORX-TRADR,US-NM,New Mexico,6533,121
358,VISITDENVER,US-TX,Texas,6534,34
349,WINE ENTHUSIAST,US-CA,California,6535,9
252,SMARTBIZ-MDG-TRADR,US-FL,Florida,6536,12
349,WINE ENTHUSIAST,US-WA,Washington,6536,18
358,VISITDENVER,US-GA,Georgia,6539,29
358,VISITDENVER,US-NE,Nebraska,6539,15
382,FILSON,US-AR,Arkansas,6543,314
358,VISITDENVER,US-TX,Texas,6543,17
382,FILSON,US-SD,South Dakota,6545,324
252,SMARTBIZ-MDG-TRADR,US-NJ,New Jersey,6547,56
358,VISITDENVER,US-KY,Kentucky,6548,29
49,FJALLRAVEN,US-AZ,Arizona,6549,172
358,VISITDENVER,US-TX,Texas,6549,17
358,VISITDENVER,US-WA,Washington,6549,20
325,STAUD,US-HI,Hawaii,6550,326
358,VISITDENVER,US-CA,California,6551,15
381,MODERNTREASURY-MDG-TRADR,US-TN,Tennessee,6552,64
349,WINE ENTHUSIAST,US-NY,New York,6553,35
274,BOBOS,US-KY,Kentucky,6555,133
182,ZIPRECRUITER-MDG-TRADR,US-SC,South Carolina,6555,1
358,VISITDENVER,US-ID,Idaho,6557,37
358,VISITDENVER,US-NJ,New Jersey,6557,11
358,VISITDENVER,US-TX,Texas,6559,21
381,MODERNTREASURY-MDG-TRADR,US-KY,Kentucky,6562,53
182,ZIPRECRUITER-MDG-TRADR,US-NC,North Carolina,6562,0
174,POSITEC-WORX-TRADR,US-UT,Utah,6563,58
358,VISITDENVER,US-IN,Indiana,6565,26
349,WINE ENTHUSIAST,US-NC,North Carolina,6566,16
382,FILSON,US-WA,Washington,6566,410
358,VISITDENVER,US-WI,Wisconsin,6566,30
274,BOBOS,US-IA,Iowa,6571,63
358,VISITDENVER,US-MI,Michigan,6571,32
358,VISITDENVER,US-CA,California,6573,11
174,POSITEC-WORX-TRADR,US-MO,Missouri,6573,163
381,MODERNTREASURY-MDG-TRADR,US-FL,Florida,6574,57
364,SCOOTER-KARSHHAGAN,US-KS,Kansas,6574,53
358,VISITDENVER,US-MI,Michigan,6574,24
182,ZIPRECRUITER-MDG-TRADR,US-DE,Delaware,6575,1
174,POSITEC-WORX-TRADR,US-CA,California,6583,85
358,VISITDENVER,US-PA,Pennsylvania,6583,41
252,SMARTBIZ-MDG-TRADR,US-GA,Georgia,6584,14
358,VISITDENVER,US-MI,Michigan,6584,21
349,WINE ENTHUSIAST,US-KS,Kansas,6595,12
274,BOBOS,US-MA,Massachusetts,6599,104
358,VISITDENVER,US-WV,West Virginia,6599,30
174,POSITEC-WORX-TRADR,US-NJ,New Jersey,6600,163
358,VISITDENVER,US-NJ,New Jersey,6602,18
358,VISITDENVER,US-SC,South Carolina,6604,36
256,SHEEX-MDG-TRADR,US-WA,Washington,6604,186
49,FJALLRAVEN,US-CA,California,6606,456
182,ZIPRECRUITER-MDG-TRADR,US-CA,California,6608,0
358,VISITDENVER,US-PA,Pennsylvania,6609,22
351,PINNACLEBANK&BOC-KARSHHAGAN,MX-CMX,Mexico City,6613,372
174,POSITEC-WORX-TRADR,US-AZ,Arizona,6615,92
382,FILSON,US-SC,South Carolina,6615,268
358,VISITDENVER,US-TX,Texas,6617,25
358,VISITDENVER,US-MI,Michigan,6618,44
358,VISITDENVER,US-CA,California,6619,5
256,SHEEX-MDG-TRADR,US-MD,Maryland,6621,265
182,ZIPRECRUITER-MDG-TRADR,US-PA,Pennsylvania,6622,0
358,VISITDENVER,US-TX,Texas,6626,14
252,SMARTBIZ-MDG-TRADR,US-NC,North Carolina,6628,26
381,MODERNTREASURY-MDG-TRADR,US-UT,Utah,6632,68
358,VISITDENVER,US-WI,Wisconsin,6633,24
216,ROYAL ROBBINS,US-UT,Utah,6634,216
358,VISITDENVER,US-FL,Florida,6635,25
358,VISITDENVER,US-UT,Utah,6639,25
358,VISITDENVER,US-KY,Kentucky,6643,23
358,VISITDENVER,US-AZ,Arizona,6646,21
174,POSITEC-WORX-TRADR,US-HI,Hawaii,6646,19
390,JobsOhio,US-OH,Ohio,6649,10
358,VISITDENVER,US-ME,Maine,6651,20
174,POSITEC-WORX-TRADR,US-MI,Michigan,6651,190
359,THEGREAT,US-NE,Nebraska,6653,7
356,STARFACE-MDG-TRADR,US-AZ,Arizona,6654,93
174,POSITEC-WORX-TRADR,US-UT,Utah,6655,91
358,VISITDENVER,US-NH,New Hampshire,6658,20
358,VISITDENVER,US-NJ,New Jersey,6658,41
358,VISITDENVER,US-OR,Oregon,6659,23
358,VISITDENVER,US-SC,South Carolina,6664,36
358,VISITDENVER,US-NM,New Mexico,6665,34
381,MODERNTREASURY-MDG-TRADR,US-NC,North Carolina,6665,25
174,POSITEC-WORX-TRADR,US-NC,North Carolina,6666,282
358,VISITDENVER,US-KY,Kentucky,6667,21
358,VISITDENVER,US-NH,New Hampshire,6667,30
174,POSITEC-WORX-TRADR,US-SD,South Dakota,6667,144
358,VISITDENVER,US-IN,Indiana,6668,20
358,VISITDENVER,US-GA,Georgia,6669,12
49,FJALLRAVEN,US-KS,Kansas,6670,133
252,SMARTBIZ-MDG-TRADR,US-CA,California,6676,28
326,7Mesh,US-WA,Washington,6677,312
252,SMARTBIZ-MDG-TRADR,US-GA,Georgia,6678,15
296,GENUINEGUIDEGEAR,CA-BC,British Columbia,6680,130
358,VISITDENVER,US-MN,Minnesota,6680,33
49,FJALLRAVEN,CA-BC,British Columbia,6684,975
182,ZIPRECRUITER-MDG-TRADR,US-CO,Colorado,6684,5
358,VISITDENVER,US-ID,Idaho,6684,27
382,FILSON,US-MA,Massachusetts,6687,236
358,VISITDENVER,US-PA,Pennsylvania,6687,28
182,ZIPRECRUITER-MDG-TRADR,US-MI,Michigan,6688,1
358,VISITDENVER,US-OH,Ohio,6688,49
252,SMARTBIZ-MDG-TRADR,US-SC,South Carolina,6691,26
182,ZIPRECRUITER-MDG-TRADR,US-GA,Georgia,6693,0
381,MODERNTREASURY-MDG-TRADR,US-ID,Idaho,6693,49
381,MODERNTREASURY-MDG-TRADR,US-OR,Oregon,6693,80
358,VISITDENVER,US-TX,Texas,6693,17
382,FILSON,US-VA,Virginia,6693,337
358,VISITDENVER,US-MO,Missouri,6694,27
256,SHEEX-MDG-TRADR,US-UT,Utah,6697,147
358,VISITDENVER,US-WA,Washington,6699,21
174,POSITEC-WORX-TRADR,US-MI,Michigan,6701,292
358,VISITDENVER,US-FL,Florida,6703,54
358,VISITDENVER,US-NC,North Carolina,6704,23
381,MODERNTREASURY-MDG-TRADR,US-CA,California,6705,59
174,POSITEC-WORX-TRADR,US-KS,Kansas,6705,116
358,VISITDENVER,US-FL,Florida,6706,37
174,POSITEC-WORX-TRADR,US-ND,North Dakota,6707,215
274,BOBOS,US-MI,Michigan,6711,49
356,STARFACE-MDG-TRADR,US-NY,New York,6711,49
358,VISITDENVER,US-PA,Pennsylvania,6711,38
358,VISITDENVER,US-CT,Connecticut,6721,37
381,MODERNTREASURY-MDG-TRADR,US-NC,North Carolina,6721,48
358,VISITDENVER,US-NM,New Mexico,6728,18
174,POSITEC-WORX-TRADR,US-OH,Ohio,6729,281
256,SHEEX-MDG-TRADR,US-UT,Utah,6729,197
358,VISITDENVER,US-KS,Kansas,6731,16
274,BOBOS,US-WA,Washington,6732,81
358,VISITDENVER,US-MI,Michigan,6734,27
385,DUKECANNON,US-OH,Ohio,6737,664
358,VISITDENVER,US-NC,North Carolina,6739,5
358,VISITDENVER,US-LA,Louisiana,6740,15
174,POSITEC-WORX-TRADR,US-TX,Texas,6740,230
358,VISITDENVER,US-IL,Illinois,6741,20
358,VISITDENVER,US-IN,Indiana,6741,26
295,BENCHMADE,US-OK,Oklahoma,6741,12
358,VISITDENVER,US-WI,Wisconsin,6741,36
358,VISITDENVER,US-PA,Pennsylvania,6743,37
358,VISITDENVER,US-SC,South Carolina,6744,22
252,SMARTBIZ-MDG-TRADR,US-VA,Virginia,6745,30
382,FILSON,US-AZ,Arizona,6751,184
174,POSITEC-WORX-TRADR,US-AL,Alabama,6753,330
358,VISITDENVER,US-FL,Florida,6753,33
358,VISITDENVER,US-UT,Utah,6753,25
325,STAUD,US-PA,Pennsylvania,6754,516
359,THEGREAT,US-CO,Colorado,6755,342
174,POSITEC-WORX-TRADR,US-FL,Florida,6758,264
49,FJALLRAVEN,US-CA,California,6761,340
358,VISITDENVER,US-NJ,New Jersey,6762,26
358,VISITDENVER,US-SC,South Carolina,6762,48
358,VISITDENVER,US-GA,Georgia,6764,32
358,VISITDENVER,US-NY,New York,6764,15
182,ZIPRECRUITER-MDG-TRADR,US-PA,Pennsylvania,6765,1
295,BENCHMADE,US-WA,Washington,6766,22
351,PINNACLEBANK&BOC-KARSHHAGAN,US-WY,Wyoming,6766,46
358,VISITDENVER,US-NY,New York,6768,17
349,WINE ENTHUSIAST,US-CA,California,6769,6
274,BOBOS,US-CO,Colorado,6770,60
182,ZIPRECRUITER-MDG-TRADR,US-PA,Pennsylvania,6770,0
216,ROYAL ROBBINS,US-CA,California,6773,167
358,VISITDENVER,US-CT,Connecticut,6773,11
358,VISITDENVER,US-WI,Wisconsin,6773,21
358,VISITDENVER,US-CO,Colorado,6774,18
358,VISITDENVER,US-NH,New Hampshire,6774,20
326,7Mesh,US-OR,Oregon,6774,167
358,VISITDENVER,US-MN,Minnesota,6776,34
381,MODERNTREASURY-MDG-TRADR,US-SC,South Carolina,6779,40
358,VISITDENVER,US-OR,Oregon,6780,25
356,STARFACE-MDG-TRADR,US-VA,Virginia,6781,58
358,VISITDENVER,US-MA,Massachusetts,6783,49
174,POSITEC-WORX-TRADR,US-CA,California,6784,87
49,FJALLRAVEN,CA-ON,Ontario,6785,632
358,VISITDENVER,US-NC,North Carolina,6787,29
174,POSITEC-WORX-TRADR,US-OR,Oregon,6787,120
358,VISITDENVER,US-IN,Indiana,6788,43
256,SHEEX-MDG-TRADR,US-FL,Florida,6789,162
252,SMARTBIZ-MDG-TRADR,US-CO,Colorado,6792,21
364,SCOOTER-KARSHHAGAN,US-MO,Missouri,6795,35
358,VISITDENVER,US-HI,Hawaii,6797,17
182,ZIPRECRUITER-MDG-TRADR,US-OH,Ohio,6801,0
358,VISITDENVER,US-FL,Florida,6804,31
358,VISITDENVER,US-TN,Tennessee,6805,42
358,VISITDENVER,US-CA,California,6806,8
49,FJALLRAVEN,US-MI,Michigan,6808,643
356,STARFACE-MDG-TRADR,US-CO,Colorado,6810,102
295,BENCHMADE,US-NJ,New Jersey,6811,20
358,VISITDENVER,US-NH,New Hampshire,6812,15
358,VISITDENVER,US-IN,Indiana,6813,9
358,VISITDENVER,US-IL,Illinois,6814,15
174,POSITEC-WORX-TRADR,US-MO,Missouri,6814,178
358,VISITDENVER,US-OH,Ohio,6815,20
358,VISITDENVER,US-FL,Florida,6816,20
256,SHEEX-MDG-TRADR,US-IN,Indiana,6816,240
358,VISITDENVER,US-OK,Oklahoma,6819,38
381,MODERNTREASURY-MDG-TRADR,US-FL,Florida,6820,63
358,VISITDENVER,US-WV,West Virginia,6820,36
349,WINE ENTHUSIAST,US-NJ,New Jersey,6821,23
182,ZIPRECRUITER-MDG-TRADR,US-VA,Virginia,6821,0
358,VISITDENVER,US-TX,Texas,6828,24
358,VISITDENVER,US-OH,Ohio,6830,13
174,POSITEC-WORX-TRADR,US-CA,California,6833,47
358,VISITDENVER,US-CA,California,6833,15
385,DUKECANNON,US-IN,Indiana,6833,857
182,ZIPRECRUITER-MDG-TRADR,US-WV,West Virginia,6834,1
358,VISITDENVER,US-GA,Georgia,6835,18
295,BENCHMADE,US-TX,Texas,6836,42
49,FJALLRAVEN,US-ME,Maine,6839,239
358,VISITDENVER,US-FL,Florida,6842,39
174,POSITEC-WORX-TRADR,US-LA,Louisiana,6844,421
381,MODERNTREASURY-MDG-TRADR,US-TX,Texas,6851,47
382,FILSON,US-LA,Louisiana,6853,174
358,VISITDENVER,US-TX,Texas,6853,26
252,SMARTBIZ-MDG-TRADR,US-FL,Florida,6854,18
182,ZIPRECRUITER-MDG-TRADR,US-MS,Mississippi,6854,0
364,SCOOTER-KARSHHAGAN,US-MO,Missouri,6857,56
358,VISITDENVER,US-OH,Ohio,6857,19
174,POSITEC-WORX-TRADR,US-CA,California,6866,123
358,VISITDENVER,US-MI,Michigan,6866,36
349,WINE ENTHUSIAST,US-NE,Nebraska,6866,15
345,NORTHERNLIGHTSHEALTH-KARSHHAGAN,US-ME,Maine,6869,556
381,MODERNTREASURY-MDG-TRADR,US-VA,Virginia,6870,46
174,POSITEC-WORX-TRADR,US-VA,Virginia,6870,171
358,VISITDENVER,US-AL,Alabama,6875,32
358,VISITDENVER,US-MI,Michigan,6880,24
358,VISITDENVER,US-WI,Wisconsin,6880,38
349,WINE ENTHUSIAST,US-OH,Ohio,6883,36
174,POSITEC-WORX-TRADR,US-CA,California,6888,83
358,VISITDENVER,US-MA,Massachusetts,6888,41
174,POSITEC-WORX-TRADR,US-MI,Michigan,6888,342
256,SHEEX-MDG-TRADR,US-NY,New York,6891,190
182,ZIPRECRUITER-MDG-TRADR,US-NC,North Carolina,6894,1
358,VISITDENVER,US-MO,Missouri,6897,23
359,THEGREAT,US-HI,Hawaii,6898,239
351,PINNACLEBANK&BOC-KARSHHAGAN,US-NE,Nebraska,6899,25
358,VISITDENVER,US-CA,California,6900,18
49,FJALLRAVEN,US-MD,Maryland,6901,386
358,VISITDENVER,US-SD,South Dakota,6904,38
358,VISITDENVER,US-WA,Washington,6904,13
358,VISITDENVER,US-GA,Georgia,6905,29
358,VISITDENVER,US-TX,Texas,6905,29
388,CAT CANADA,CA-BC,British Columbia,6906,13
174,POSITEC-WORX-TRADR,US-HI,Hawaii,6908,32
358,VISITDENVER,US-NJ,New Jersey,6908,16
358,VISITDENVER,US-NC,North Carolina,6913,18
358,VISITDENVER,US-IL,Illinois,6914,19
358,VISITDENVER,US-TX,Texas,6915,33
356,STARFACE-MDG-TRADR,US-CA,California,6920,139
358,VISITDENVER,US-TX,Texas,6926,20
358,VISITDENVER,US-ME,Maine,6929,43
358,VISITDENVER,US-AL,Alabama,6930,30
358,VISITDENVER,US-TX,Texas,6932,26
182,ZIPRECRUITER-MDG-TRADR,US-IN,Indiana,6940,0
358,VISITDENVER,US-NJ,New Jersey,6940,25
256,SHEEX-MDG-TRADR,US-CA,California,6941,190
174,POSITEC-WORX-TRADR,US-OK,Oklahoma,6941,285
295,BENCHMADE,US-NY,New York,6943,23
274,BOBOS,US-NY,New York,6947,65
256,SHEEX-MDG-TRADR,US-MN,Minnesota,6948,253
358,VISITDENVER,US-NJ,New Jersey,6950,36
174,POSITEC-WORX-TRADR,US-NY,New York,6951,163
381,MODERNTREASURY-MDG-TRADR,US-TX,Texas,6952,33
274,BOBOS,US-WA,Washington,6953,67
358,VISITDENVER,US-AK,Alaska,6954,10
358,VISITDENVER,US-FL,Florida,6954,27
182,ZIPRECRUITER-MDG-TRADR,US-TN,Tennessee,6957,0
182,ZIPRECRUITER-MDG-TRADR,US-FL,Florida,6958,1
358,VISITDENVER,US-CA,California,6961,17
382,FILSON,US-IA,Iowa,6964,327
182,ZIPRECRUITER-MDG-TRADR,US-MN,Minnesota,6964,0
358,VISITDENVER,US-NE,Nebraska,6964,17
256,SHEEX-MDG-TRADR,US-FL,Florida,6965,244
182,ZIPRECRUITER-MDG-TRADR,US-VA,Virginia,6966,0
381,MODERNTREASURY-MDG-TRADR,US-WI,Wisconsin,6966,65
358,VISITDENVER,US-CT,Connecticut,6968,27
364,SCOOTER-KARSHHAGAN,US-MO,Missouri,6970,45
358,VISITDENVER,US-NY,New York,6970,19
358,VISITDENVER,US-OH,Ohio,6972,27
358,VISITDENVER,US-SC,South Carolina,6972,24
358,VISITDENVER,US-GA,Georgia,6977,37
358,VISITDENVER,US-PA,Pennsylvania,6978,29
358,VISITDENVER,US-PA,Pennsylvania,6979,25
256,SHEEX-MDG-TRADR,US-CA,California,6982,198
49,FJALLRAVEN,US-UT,Utah,6982,218
358,VISITDENVER,US-VT,Vermont,6982,32
349,WINE ENTHUSIAST,US-KS,Kansas,6983,18
174,POSITEC-WORX-TRADR,US-OR,Oregon,6983,179
358,VISITDENVER,US-NC,North Carolina,6987,16
358,VISITDENVER,US-PA,Pennsylvania,6988,34
381,MODERNTREASURY-MDG-TRADR,US-CT,Connecticut,6994,50
358,VISITDENVER,US-OH,Ohio,6995,46
358,VISITDENVER,US-OR,Oregon,6995,29
216,ROYAL ROBBINS,US-CO,Colorado,6997,175
274,BOBOS,US-CO,Colorado,6999,28
256,SHEEX-MDG-TRADR,US-TN,Tennessee,6999,201
358,VISITDENVER,US-IN,Indiana,7004,35
182,ZIPRECRUITER-MDG-TRADR,US-FL,Florida,7005,0
358,VISITDENVER,US-IN,Indiana,7005,25
358,VISITDENVER,US-ME,Maine,7006,17
358,VISITDENVER,US-ME,Maine,7007,14
174,POSITEC-WORX-TRADR,US-CA,California,7010,61
182,ZIPRECRUITER-MDG-TRADR,US-GA,Georgia,7010,1
358,VISITDENVER,US-KS,Kansas,7012,12
358,VISITDENVER,US-TX,Texas,7016,33
358,VISITDENVER,US-AZ,Arizona,7019,29
381,MODERNTREASURY-MDG-TRADR,US-OH,Ohio,7019,28
358,VISITDENVER,US-PA,Pennsylvania,7019,48
358,VISITDENVER,US-TX,Texas,7019,41
274,BOBOS,US-FL,Florida,7022,134
174,POSITEC-WORX-TRADR,US-WA,Washington,7024,127
174,POSITEC-WORX-TRADR,US-MO,Missouri,7026,221
358,VISITDENVER,US-MD,Maryland,7027,34
382,FILSON,US-OH,Ohio,7027,70
382,FILSON,US-CA,California,7028,241
174,POSITEC-WORX-TRADR,US-NJ,New Jersey,7028,199
381,MODERNTREASURY-MDG-TRADR,US-DE,Delaware,7030,65
174,POSITEC-WORX-TRADR,US-GA,Georgia,7032,241
382,FILSON,US-CO,Colorado,7034,122
359,THEGREAT,US-CA,California,7035,256
358,VISITDENVER,US-FL,Florida,7037,25
252,SMARTBIZ-MDG-TRADR,US-CA,California,7039,26
174,POSITEC-WORX-TRADR,US-FL,Florida,7039,251
358,VISITDENVER,US-NJ,New Jersey,7040,18
358,VISITDENVER,US-WI,Wisconsin,7040,26
358,VISITDENVER,US-CA,California,7042,21
358,VISITDENVER,US-MI,Michigan,7044,33
182,ZIPRECRUITER-MDG-TRADR,US-MI,Michigan,7046,1
358,VISITDENVER,US-CT,Connecticut,7048,27
49,FJALLRAVEN,US-LA,Louisiana,7048,418
49,FJALLRAVEN,US-PA,Pennsylvania,7048,305
358,VISITDENVER,US-OH,Ohio,7049,23
174,POSITEC-WORX-TRADR,US-FL,Florida,7050,185
358,VISITDENVER,US-AZ,Arizona,7052,21
174,POSITEC-WORX-TRADR,US-CO,Colorado,7052,77
182,ZIPRECRUITER-MDG-TRADR,US-IA,Iowa,7055,1
358,VISITDENVER,US-TN,Tennessee,7055,28
256,SHEEX-MDG-TRADR,US-OR,Oregon,7057,192
382,FILSON,US-MO,Missouri,7060,234
358,VISITDENVER,US-IA,Iowa,7061,35
174,POSITEC-WORX-TRADR,US-LA,Louisiana,7064,728
388,CAT CANADA,CA-ON,Ontario,7069,55
358,VISITDENVER,US-WY,Wyoming,7070,23
174,POSITEC-WORX-TRADR,US-HI,Hawaii,7072,34
358,VISITDENVER,US-KS,Kansas,7072,25
358,VISITDENVER,US-WI,Wisconsin,7077,26
358,VISITDENVER,US-AZ,Arizona,7078,17
182,ZIPRECRUITER-MDG-TRADR,US-TX,Texas,7078,0
358,VISITDENVER,US-KS,Kansas,7080,23
49,FJALLRAVEN,US-CO,Colorado,7083,143
358,VISITDENVER,US-CA,California,7084,12
382,FILSON,US-FL,Florida,7084,157
256,SHEEX-MDG-TRADR,US-NC,North Carolina,7084,178
358,VISITDENVER,US-IL,Illinois,7086,13
358,VISITDENVER,US-TN,Tennessee,7087,42
382,FILSON,US-NV,Nevada,7089,165
358,VISITDENVER,US-NC,North Carolina,7089,32
381,MODERNTREASURY-MDG-TRADR,US-MA,Massachusetts,7090,60
381,MODERNTREASURY-MDG-TRADR,US-AZ,Arizona,7092,44
174,POSITEC-WORX-TRADR,US-HI,Hawaii,7093,29
358,VISITDENVER,US-OH,Ohio,7099,37
174,POSITEC-WORX-TRADR,US-MD,Maryland,7101,229
182,ZIPRECRUITER-MDG-TRADR,US-TN,Tennessee,7101,0
182,ZIPRECRUITER-MDG-TRADR,US-UT,Utah,7101,0
174,POSITEC-WORX-TRADR,US-AL,Alabama,7102,86
358,VISITDENVER,US-OR,Oregon,7103,46
358,VISITDENVER,US-IA,Iowa,7105,15
174,POSITEC-WORX-TRADR,US-UT,Utah,7109,149
358,VISITDENVER,US-MA,Massachusetts,7110,22
174,POSITEC-WORX-TRADR,US-CA,California,7113,76
174,POSITEC-WORX-TRADR,US-RI,Rhode Island,7115,295
358,VISITDENVER,US-TX,Texas,7121,29
174,POSITEC-WORX-TRADR,US-WI,Wisconsin,7121,505
358,VISITDENVER,US-NJ,New Jersey,7122,27
358,VISITDENVER,US-PA,Pennsylvania,7123,25
358,VISITDENVER,US-MA,Massachusetts,7124,17
382,FILSON,US-CA,California,7126,1179
358,VISITDENVER,US-CA,California,7127,2
252,SMARTBIZ-MDG-TRADR,US-SC,South Carolina,7127,4
385,DUKECANNON,US-CA,California,7128,442
274,BOBOS,US-CA,California,7133,77
358,VISITDENVER,US-NC,North Carolina,7133,32
182,ZIPRECRUITER-MDG-TRADR,US-VA,Virginia,7137,0
358,VISITDENVER,US-SD,South Dakota,7138,27
356,STARFACE-MDG-TRADR,US-NE,Nebraska,7139,36
381,MODERNTREASURY-MDG-TRADR,US-KS,Kansas,7140,57
358,VISITDENVER,US-IA,Iowa,7143,34
358,VISITDENVER,US-CA,California,7144,5
358,VISITDENVER,US-MN,Minnesota,7147,28
358,VISITDENVER,US-OH,Ohio,7147,35
381,MODERNTREASURY-MDG-TRADR,US-SC,South Carolina,7149,86
358,VISITDENVER,US-SC,South Carolina,7151,29
325,STAUD,US-CA,California,7152,720
358,VISITDENVER,US-NV,Nevada,7153,19
174,POSITEC-WORX-TRADR,US-FL,Florida,7155,200
252,SMARTBIZ-MDG-TRADR,US-NC,North Carolina,7155,12
174,POSITEC-WORX-TRADR,US-NE,Nebraska,7156,78
182,ZIPRECRUITER-MDG-TRADR,US-AZ,Arizona,7157,0
216,ROYAL ROBBINS,US-GA,Georgia,7161,584
358,VISITDENVER,US-MN,Minnesota,7164,23
358,VISITDENVER,US-FL,Florida,7165,29
49,FJALLRAVEN,US-WA,Washington,7165,88
252,SMARTBIZ-MDG-TRADR,US-WY,Wyoming,7168,20
49,FJALLRAVEN,US-CA,California,7169,607
381,MODERNTREASURY-MDG-TRADR,US-GA,Georgia,7169,56
358,VISITDENVER,US-GA,Georgia,7177,21
358,VISITDENVER,US-IL,Illinois,7178,9
349,WINE ENTHUSIAST,US-CA,California,7179,8
274,BOBOS,US-CA,California,7179,46
296,GENUINEGUIDEGEAR,CA-ON,Ontario,7182,369
295,BENCHMADE,US-UT,Utah,7195,17
252,SMARTBIZ-MDG-TRADR,US-CA,California,7196,13
358,VISITDENVER,US-TX,Texas,7198,25
381,MODERNTREASURY-MDG-TRADR,US-SC,South Carolina,7199,33
358,VISITDENVER,US-OK,Oklahoma,7201,19
174,POSITEC-WORX-TRADR,US-WA,Washington,7203,94
252,SMARTBIZ-MDG-TRADR,US-OK,Oklahoma,7205,43
358,VISITDENVER,US-VA,Virginia,7205,55
182,ZIPRECRUITER-MDG-TRADR,US-SC,South Carolina,7206,1
358,VISITDENVER,US-PA,Pennsylvania,7211,24
49,FJALLRAVEN,US-NM,New Mexico,7219,110
358,VISITDENVER,US-NC,North Carolina,7219,55
358,VISITDENVER,US-MA,Massachusetts,7222,53
252,SMARTBIZ-MDG-TRADR,US-NC,North Carolina,7224,9
358,VISITDENVER,US-NC,North Carolina,7224,28
358,VISITDENVER,US-CO,Colorado,7227,14
358,VISITDENVER,US-PA,Pennsylvania,7230,61
252,SMARTBIZ-MDG-TRADR,US-GA,Georgia,7235,5
358,VISITDENVER,US-PA,Pennsylvania,7238,40
358,VISITDENVER,US-GA,Georgia,7239,16
358,VISITDENVER,US-CO,Colorado,7240,13
358,VISITDENVER,US-KY,Kentucky,7240,21
358,VISITDENVER,US-CA,California,7243,27
358,VISITDENVER,US-SD,South Dakota,7243,45
358,VISITDENVER,US-MI,Michigan,7247,49
49,FJALLRAVEN,US-IL,Illinois,7248,219
358,VISITDENVER,US-CA,California,7249,23
252,SMARTBIZ-MDG-TRADR,US-WA,Washington,7249,12
381,MODERNTREASURY-MDG-TRADR,US-FL,Florida,7252,40
358,VISITDENVER,US-UT,Utah,7253,39
358,VISITDENVER,US-CT,Connecticut,7255,35
182,ZIPRECRUITER-MDG-TRADR,US-MI,Michigan,7256,0
174,POSITEC-WORX-TRADR,US-WA,Washington,7257,162
358,VISITDENVER,US-NH,New Hampshire,7259,31
349,WINE ENTHUSIAST,US-CO,Colorado,7260,13
358,VISITDENVER,US-KY,Kentucky,7261,21
358,VISITDENVER,US-MA,Massachusetts,7261,25
295,BENCHMADE,US-MA,Massachusetts,7263,35
174,POSITEC-WORX-TRADR,US-MT,Montana,7265,89
381,MODERNTREASURY-MDG-TRADR,US-NY,New York,7265,62
182,ZIPRECRUITER-MDG-TRADR,US-NJ,New Jersey,7266,2
358,VISITDENVER,US-MD,Maryland,7267,32
358,VISITDENVER,US-GA,Georgia,7269,16
358,VISITDENVER,US-MO,Missouri,7269,35
358,VISITDENVER,US-IN,Indiana,7274,34
358,VISITDENVER,US-LA,Louisiana,7275,22
295,BENCHMADE,US-SD,South Dakota,7276,10
356,STARFACE-MDG-TRADR,US-AZ,Arizona,7277,107
174,POSITEC-WORX-TRADR,US-PA,Pennsylvania,7277,345
49,FJALLRAVEN,US-MI,Michigan,7281,681
358,VISITDENVER,US-NC,North Carolina,7282,20
356,STARFACE-MDG-TRADR,US-CA,California,7283,123
295,BENCHMADE,US-OH,Ohio,7283,22
358,VISITDENVER,US-RI,Rhode Island,7285,46
358,VISITDENVER,US-AR,Arkansas,7286,32
358,VISITDENVER,US-MO,Missouri,7287,24
216,ROYAL ROBBINS,US-NM,New Mexico,7288,245
326,7Mesh,CA-BC,British Columbia,7299,416
382,FILSON,US-VA,Virginia,7301,591
358,VISITDENVER,US-AL,Alabama,7303,20
358,VISITDENVER,US-NV,Nevada,7307,11
49,FJALLRAVEN,US-WA,Washington,7307,321
382,FILSON,US-SC,South Carolina,7310,144
359,THEGREAT,US-CO,Colorado,7311,124
385,DUKECANNON,US-HI,Hawaii,7312,201
49,FJALLRAVEN,US-NM,New Mexico,7312,190
358,VISITDENVER,US-OR,Oregon,7314,35
295,BENCHMADE,US-FL,Florida,7315,48
358,VISITDENVER,US-PA,Pennsylvania,7318,36
182,ZIPRECRUITER-MDG-TRADR,US-IL,Illinois,7319,0
298,ANON,CA-ON,Ontario,7322,54
182,ZIPRECRUITER-MDG-TRADR,US-FL,Florida,7323,0
174,POSITEC-WORX-TRADR,US-CA,California,7324,47
358,VISITDENVER,US-NJ,New Jersey,7324,11
358,VISITDENVER,US-NV,Nevada,7325,42
358,VISITDENVER,US-IA,Iowa,7327,31
358,VISITDENVER,US-MI,Michigan,7328,38
358,VISITDENVER,US-NC,North Carolina,7329,33
351,PINNACLEBANK&BOC-KARSHHAGAN,US-CO,Colorado,7330,65
358,VISITDENVER,US-NJ,New Jersey,7330,25
358,VISITDENVER,US-IA,Iowa,7331,32
358,VISITDENVER,US-TN,Tennessee,7334,36
358,VISITDENVER,US-MI,Michigan,7335,26
274,BOBOS,US-CO,Colorado,7336,43
358,VISITDENVER,US-CT,Connecticut,7336,43
382,FILSON,US-NJ,New Jersey,7336,459
349,WINE ENTHUSIAST,US-TX,Texas,7337,7
358,VISITDENVER,US-CT,Connecticut,7338,22
174,POSITEC-WORX-TRADR,US-NY,New York,7339,114
358,VISITDENVER,US-CT,Connecticut,7340,34
345,NORTHERNLIGHTSHEALTH-KARSHHAGAN,US-ME,Maine,7340,300
49,FJALLRAVEN,US-WA,Washington,7340,254
358,VISITDENVER,US-KS,Kansas,7342,18
349,WINE ENTHUSIAST,US-GA,Georgia,7345,11
358,VISITDENVER,US-OR,Oregon,7345,20
359,THEGREAT,US-MO,Missouri,7348,188
358,VISITDENVER,US-NY,New York,7350,22
358,VISITDENVER,US-IN,Indiana,7355,24
381,MODERNTREASURY-MDG-TRADR,US-GA,Georgia,7356,40
174,POSITEC-WORX-TRADR,US-WA,Washington,7357,130
274,BOBOS,US-HI,Hawaii,7359,18
358,VISITDENVER,US-MD,Maryland,7360,56
358,VISITDENVER,US-FL,Florida,7365,45
358,VISITDENVER,US-MN,Minnesota,7365,16
382,FILSON,US-GA,Georgia,7366,141
382,FILSON,US-NY,New York,7371,260
358,VISITDENVER,US-NJ,New Jersey,7375,11
252,SMARTBIZ-MDG-TRADR,US-RI,Rhode Island,7379,41
174,POSITEC-WORX-TRADR,US-TN,Tennessee,7382,268
174,POSITEC-WORX-TRADR,US-TX,Texas,7385,400
382,FILSON,US-CA,California,7386,548
358,VISITDENVER,US-IL,Illinois,7386,31
364,SCOOTER-KARSHHAGAN,US-AR,Arkansas,7387,98
174,POSITEC-WORX-TRADR,US-CA,California,7389,82
358,VISITDENVER,US-OK,Oklahoma,7393,24
358,VISITDENVER,US-TX,Texas,7394,16
381,MODERNTREASURY-MDG-TRADR,US-FL,Florida,7395,41
358,VISITDENVER,US-ME,Maine,7395,16
295,BENCHMADE,US-NY,New York,7398,14
385,DUKECANNON,US-FL,Florida,7399,647
174,POSITEC-WORX-TRADR,US-CA,California,7400,98
345,NORTHERNLIGHTSHEALTH-KARSHHAGAN,US-ME,Maine,7400,308
382,FILSON,US-TN,Tennessee,7400,329
49,FJALLRAVEN,US-CA,California,7401,247
182,ZIPRECRUITER-MDG-TRADR,US-AL,Alabama,7404,0
358,VISITDENVER,US-GA,Georgia,7406,25
364,SCOOTER-KARSHHAGAN,US-IA,Iowa,7406,67
358,VISITDENVER,US-FL,Florida,7407,32
49,FJALLRAVEN,US-TX,Texas,7408,416
182,ZIPRECRUITER-MDG-TRADR,US-GA,Georgia,7411,0
326,7Mesh,CA-BC,British Columbia,7413,407
358,VISITDENVER,US-IA,Iowa,7413,28
356,STARFACE-MDG-TRADR,US-NJ,New Jersey,7416,109
356,STARFACE-MDG-TRADR,US-CA,California,7419,86
358,VISITDENVER,US-CA,California,7420,15
351,PINNACLEBANK&BOC-KARSHHAGAN,US-KS,Kansas,7423,18
359,THEGREAT,US-CA,California,7424,20
382,FILSON,US-MO,Missouri,7425,287
358,VISITDENVER,US-IN,Indiana,7426,21
358,VISITDENVER,US-PA,Pennsylvania,7426,48
182,ZIPRECRUITER-MDG-TRADR,US-KY,Kentucky,7427,0
381,MODERNTREASURY-MDG-TRADR,US-LA,Louisiana,7433,130
358,VISITDENVER,US-CA,California,7439,45
182,ZIPRECRUITER-MDG-TRADR,US-MN,Minnesota,7445,1
358,VISITDENVER,US-MA,Massachusetts,7446,31
358,VISITDENVER,US-TX,Texas,7449,15
358,VISITDENVER,US-WA,Washington,7453,30
252,SMARTBIZ-MDG-TRADR,US-VA,Virginia,7455,45
385,DUKECANNON,US-NC,North Carolina,7456,958
351,PINNACLEBANK&BOC-KARSHHAGAN,US-AZ,Arizona,7457,31
382,FILSON,US-NC,North Carolina,7457,273
358,VISITDENVER,US-OR,Oregon,7457,41
182,ZIPRECRUITER-MDG-TRADR,US-CA,California,7458,1
381,MODERNTREASURY-MDG-TRADR,US-CA,California,7458,73
358,VISITDENVER,US-WI,Wisconsin,7458,35
358,VISITDENVER,US-NJ,New Jersey,7459,47
356,STARFACE-MDG-TRADR,US-AK,Alaska,7467,84
382,FILSON,US-CO,Colorado,7467,78
358,VISITDENVER,US-WA,Washington,7468,36
358,VISITDENVER,US-MA,Massachusetts,7470,34
358,VISITDENVER,US-PA,Pennsylvania,7474,32
174,POSITEC-WORX-TRADR,US-SC,South Carolina,7476,302
382,FILSON,US-CA,California,7480,209
358,VISITDENVER,US-MI,Michigan,7482,43
256,SHEEX-MDG-TRADR,US-WY,Wyoming,7483,131
382,FILSON,US-FL,Florida,7488,139
174,POSITEC-WORX-TRADR,US-NC,North Carolina,7488,186
358,VISITDENVER,US-CA,California,7489,25
358,VISITDENVER,US-MA,Massachusetts,7491,25
174,POSITEC-WORX-TRADR,US-CA,California,7492,34
252,SMARTBIZ-MDG-TRADR,US-FL,Florida,7492,24
382,FILSON,US-NC,North Carolina,7493,294
381,MODERNTREASURY-MDG-TRADR,US-KS,Kansas,7495,73
358,VISITDENVER,US-IN,Indiana,7496,31
358,VISITDENVER,US-MS,Mississippi,7496,20
252,SMARTBIZ-MDG-TRADR,US-NJ,New Jersey,7500,14
358,VISITDENVER,US-CA,California,7513,18
364,SCOOTER-KARSHHAGAN,US-IA,Iowa,7513,64
358,VISITDENVER,US-IN,Indiana,7515,26
358,VISITDENVER,US-GA,Georgia,7517,41
274,BOBOS,US-HI,Hawaii,7517,25
358,VISITDENVER,US-SC,South Carolina,7517,41
382,FILSON,US-IN,Indiana,7519,208
356,STARFACE-MDG-TRADR,US-WA,Washington,7522,98
358,VISITDENVER,US-CT,Connecticut,7527,47
358,VISITDENVER,US-WI,Wisconsin,7527,15
295,BENCHMADE,US-NY,New York,7529,48
49,FJALLRAVEN,US-NC,North Carolina,7532,441
274,BOBOS,US-AZ,Arizona,7536,46
174,POSITEC-WORX-TRADR,US-CA,California,7537,116
358,VISITDENVER,US-CO,Colorado,7539,14
358,VISITDENVER,US-WA,Washington,7540,18
358,VISITDENVER,US-LA,Louisiana,7542,27
358,VISITDENVER,US-NY,New York,7543,17
358,VISITDENVER,US-OH,Ohio,7544,25
381,MODERNTREASURY-MDG-TRADR,US-CO,Colorado,7545,51
358,VISITDENVER,US-CO,Colorado,7546,20
256,SHEEX-MDG-TRADR,US-VA,Virginia,7548,217
49,FJALLRAVEN,US-VA,Virginia,7549,618
182,ZIPRECRUITER-MDG-TRADR,US-CA,California,7551,0
252,SMARTBIZ-MDG-TRADR,US-GA,Georgia,7556,37
349,WINE ENTHUSIAST,US-CA,California,7557,19
358,VISITDENVER,US-ME,Maine,7557,11
174,POSITEC-WORX-TRADR,US-ID,Idaho,7559,102
358,VISITDENVER,US-SD,South Dakota,7559,28
358,VISITDENVER,US-AR,Arkansas,7561,29
349,WINE ENTHUSIAST,US-CA,California,7562,8
358,VISITDENVER,US-VA,Virginia,7562,30
381,MODERNTREASURY-MDG-TRADR,US-FL,Florida,7566,68
174,POSITEC-WORX-TRADR,US-TX,Texas,7571,206
358,VISITDENVER,US-NH,New Hampshire,7572,44
274,BOBOS,US-NJ,New Jersey,7575,88
174,POSITEC-WORX-TRADR,US-FL,Florida,7576,426
381,MODERNTREASURY-MDG-TRADR,US-NV,Nevada,7576,72
358,VISITDENVER,US-WI,Wisconsin,7579,32
358,VISITDENVER,US-NY,New York,7581,11
349,WINE ENTHUSIAST,US-OR,Oregon,7584,13
256,SHEEX-MDG-TRADR,US-TX,Texas,7584,223
381,MODERNTREASURY-MDG-TRADR,US-GA,Georgia,7586,24
358,VISITDENVER,US-FL,Florida,7587,23
358,VISITDENVER,US-IL,Illinois,7589,27
358,VISITDENVER,US-MN,Minnesota,7590,33
49,FJALLRAVEN,US-CO,Colorado,7592,124
381,MODERNTREASURY-MDG-TRADR,US-NJ,New Jersey,7592,36
358,VISITDENVER,US-MA,Massachusetts,7593,18
174,POSITEC-WORX-TRADR,US-CA,California,7594,93
358,VISITDENVER,US-WI,Wisconsin,7599,35
174,POSITEC-WORX-TRADR,US-KS,Kansas,7602,91
358,VISITDENVER,US-MS,Mississippi,7606,27
358,VISITDENVER,US-SD,South Dakota,7609,43
274,BOBOS,US-HI,Hawaii,7611,35
174,POSITEC-WORX-TRADR,US-WY,Wyoming,7611,67
49,FJALLRAVEN,US-UT,Utah,7614,160
358,VISITDENVER,US-FL,Florida,7615,25
358,VISITDENVER,US-GA,Georgia,7616,46
174,POSITEC-WORX-TRADR,US-WV,West Virginia,7616,372
358,VISITDENVER,US-CA,California,7619,41
256,SHEEX-MDG-TRADR,US-VA,Virginia,7622,257
358,VISITDENVER,US-CO,Colorado,7625,4
358,VISITDENVER,US-NY,New York,7628,18
358,VISITDENVER,US-NE,Nebraska,7630,28
358,VISITDENVER,US-NJ,New Jersey,7630,20
358,VISITDENVER,US-MO,Missouri,7631,34
358,VISITDENVER,US-FL,Florida,7632,40
358,VISITDENVER,US-OH,Ohio,7632,31
364,SCOOTER-KARSHHAGAN,US-TX,Texas,7633,108
358,VISITDENVER,US-WA,Washington,7636,29
358,VISITDENVER,US-NJ,New Jersey,7637,18
358,VISITDENVER,US-OH,Ohio,7637,23
381,MODERNTREASURY-MDG-TRADR,US-TX,Texas,7637,56
252,SMARTBIZ-MDG-TRADR,US-VA,Virginia,7638,49
295,BENCHMADE,US-AZ,Arizona,7639,16
182,ZIPRECRUITER-MDG-TRADR,US-TX,Texas,7640,0
298,ANON,US-CA,California,7643,42
358,VISITDENVER,US-RI,Rhode Island,7644,37
252,SMARTBIZ-MDG-TRADR,US-GA,Georgia,7645,10
358,VISITDENVER,US-IL,Illinois,7649,35
358,VISITDENVER,US-WV,West Virginia,7651,38
345,NORTHERNLIGHTSHEALTH-KARSHHAGAN,US-ME,Maine,7653,55
358,VISITDENVER,US-NJ,New Jersey,7655,24
358,VISITDENVER,US-NC,North Carolina,7656,32
358,VISITDENVER,US-NY,New York,7657,11
349,WINE ENTHUSIAST,US-AZ,Arizona,7658,11
358,VISITDENVER,US-AL,Alabama,7659,22
49,FJALLRAVEN,CA-AB,Alberta,7659,790
256,SHEEX-MDG-TRADR,US-AZ,Arizona,7660,194
256,SHEEX-MDG-TRADR,US-KS,Kansas,7660,238
274,BOBOS,US-WY,Wyoming,7662,41
174,POSITEC-WORX-TRADR,US-WA,Washington,7666,100
358,VISITDENVER,US-VA,Virginia,7669,21
358,VISITDENVER,US-MN,Minnesota,7672,33
358,VISITDENVER,US-HI,Hawaii,7673,26
256,SHEEX-MDG-TRADR,US-CA,California,7674,137
252,SMARTBIZ-MDG-TRADR,US-WA,Washington,7677,14
174,POSITEC-WORX-TRADR,US-CA,California,7678,111
381,MODERNTREASURY-MDG-TRADR,US-KS,Kansas,7678,40
349,WINE ENTHUSIAST,US-ID,Idaho,7679,16
381,MODERNTREASURY-MDG-TRADR,US-FL,Florida,7680,59
358,VISITDENVER,US-MA,Massachusetts,7682,17
358,VISITDENVER,US-AR,Arkansas,7684,23
358,VISITDENVER,US-PA,Pennsylvania,7686,30
364,SCOOTER-KARSHHAGAN,US-TX,Texas,7687,73
182,ZIPRECRUITER-MDG-TRADR,US-MD,Maryland,7688,1
358,VISITDENVER,US-PA,Pennsylvania,7695,15
364,SCOOTER-KARSHHAGAN,US-MO,Missouri,7696,56
182,ZIPRECRUITER-MDG-TRADR,US-IA,Iowa,7698,0
174,POSITEC-WORX-TRADR,US-MI,Michigan,7701,313
182,ZIPRECRUITER-MDG-TRADR,US-WY,Wyoming,7701,0
358,VISITDENVER,US-ME,Maine,7705,23
182,ZIPRECRUITER-MDG-TRADR,US-LA,Louisiana,7706,0
358,VISITDENVER,US-TX,Texas,7706,22
358,VISITDENVER,US-AL,Alabama,7707,42
381,MODERNTREASURY-MDG-TRADR,US-CA,California,7709,83
252,SMARTBIZ-MDG-TRADR,US-FL,Florida,7710,12
356,STARFACE-MDG-TRADR,US-NY,New York,7714,73
349,WINE ENTHUSIAST,US-CO,Colorado,7717,14
358,VISITDENVER,US-OH,Ohio,7717,49
351,PINNACLEBANK&BOC-KARSHHAGAN,US-NE,Nebraska,7718,211
358,VISITDENVER,US-OK,Oklahoma,7719,33
256,SHEEX-MDG-TRADR,US-CA,California,7733,213
349,WINE ENTHUSIAST,US-CA,California,7735,14
252,SMARTBIZ-MDG-TRADR,US-NV,Nevada,7738,18
356,STARFACE-MDG-TRADR,US-MN,Minnesota,7742,119
358,VISITDENVER,US-NJ,New Jersey,7743,35
252,SMARTBIZ-MDG-TRADR,US-FL,Florida,7744,18
382,FILSON,US-AZ,Arizona,7745,277
358,VISITDENVER,US-AZ,Arizona,7745,29
358,VISITDENVER,US-MD,Maryland,7746,33
358,VISITDENVER,US-OH,Ohio,7746,2
358,VISITDENVER,US-WV,West Virginia,7746,28
182,ZIPRECRUITER-MDG-TRADR,US-HI,Hawaii,7747,1
358,VISITDENVER,US-TX,Texas,7747,22
174,POSITEC-WORX-TRADR,US-CO,Colorado,7750,58
256,SHEEX-MDG-TRADR,US-IL,Illinois,7750,239
358,VISITDENVER,US-WV,West Virginia,7751,33
381,MODERNTREASURY-MDG-TRADR,US-VA,Virginia,7752,92
182,ZIPRECRUITER-MDG-TRADR,US-OR,Oregon,7753,0
382,FILSON,US-GA,Georgia,7754,187
358,VISITDENVER,US-NJ,New Jersey,7756,10
252,SMARTBIZ-MDG-TRADR,US-CO,Colorado,7758,20
356,STARFACE-MDG-TRADR,US-TN,Tennessee,7758,70
358,VISITDENVER,US-NY,New York,7763,19
182,ZIPRECRUITER-MDG-TRADR,US-AZ,Arizona,7765,0
381,MODERNTREASURY-MDG-TRADR,US-AZ,Arizona,7766,61
382,FILSON,US-GA,Georgia,7766,1153
358,VISITDENVER,US-SD,South Dakota,7766,23
358,VISITDENVER,US-AR,Arkansas,7767,41
256,SHEEX-MDG-TRADR,US-FL,Florida,7767,234
349,WINE ENTHUSIAST,US-NY,New York,7767,21
174,POSITEC-WORX-TRADR,US-FL,Florida,7769,164
358,VISITDENVER,US-OH,Ohio,7769,50
358,VISITDENVER,US-CO,Colorado,7770,19
358,VISITDENVER,US-OR,Oregon,7774,36
182,ZIPRECRUITER-MDG-TRADR,US-OR,Oregon,7776,1
182,ZIPRECRUITER-MDG-TRADR,US-RI,Rhode Island,7776,2
295,BENCHMADE,US-GA,Georgia,7778,40
358,VISITDENVER,US-PA,Pennsylvania,7778,34
359,THEGREAT,US-CA,California,7779,424
256,SHEEX-MDG-TRADR,US-OR,Oregon,7779,201
351,PINNACLEBANK&BOC-KARSHHAGAN,US-NE,Nebraska,7782,25
256,SHEEX-MDG-TRADR,US-OH,Ohio,7784,254
49,FJALLRAVEN,CA-ON,Ontario,7784,485
358,VISITDENVER,US-MI,Michigan,7785,21
349,WINE ENTHUSIAST,US-CA,California,7787,16
358,VISITDENVER,US-MD,Maryland,7789,26
358,VISITDENVER,US-GA,Georgia,7792,15
358,VISITDENVER,US-AZ,Arizona,7793,26
358,VISITDENVER,US-NC,North Carolina,7793,24
182,ZIPRECRUITER-MDG-TRADR,US-TX,Texas,7803,0
174,POSITEC-WORX-TRADR,US-NC,North Carolina,7804,351
358,VISITDENVER,US-FL,Florida,7808,18
358,VISITDENVER,US-NC,North Carolina,7810,24
174,POSITEC-WORX-TRADR,US-CA,California,7811,70
358,VISITDENVER,US-LA,Louisiana,7811,18
358,VISITDENVER,US-NC,North Carolina,7812,28
174,POSITEC-WORX-TRADR,US-VA,Virginia,7814,283
174,POSITEC-WORX-TRADR,US-OH,Ohio,7820,255
274,BOBOS,US-WA,Washington,7820,111
252,SMARTBIZ-MDG-TRADR,US-GA,Georgia,7822,31
174,POSITEC-WORX-TRADR,US-MA,Massachusetts,7822,428
358,VISITDENVER,US-KY,Kentucky,7826,22
358,VISITDENVER,US-GA,Georgia,7828,47
358,VISITDENVER,US-UT,Utah,7829,33
174,POSITEC-WORX-TRADR,US-CA,California,7835,45
349,WINE ENTHUSIAST,US-CA,California,7838,8
358,VISITDENVER,US-TX,Texas,7842,18
182,ZIPRECRUITER-MDG-TRADR,US-TX,Texas,7844,2
358,VISITDENVER,US-KY,Kentucky,7846,48
358,VISITDENVER,US-MI,Michigan,7846,48
358,VISITDENVER,US-ME,Maine,7847,38
381,MODERNTREASURY-MDG-TRADR,US-CA,California,7848,73
174,POSITEC-WORX-TRADR,US-SC,South Carolina,7848,178
349,WINE ENTHUSIAST,US-TX,Texas,7848,14
358,VISITDENVER,US-DE,Delaware,7849,48
358,VISITDENVER,US-TX,Texas,7849,28
358,VISITDENVER,US-MI,Michigan,7852,21
381,MODERNTREASURY-MDG-TRADR,US-NJ,New Jersey,7852,53
174,POSITEC-WORX-TRADR,US-CA,California,7854,60
358,VISITDENVER,US-MI,Michigan,7854,28
182,ZIPRECRUITER-MDG-TRADR,US-NC,North Carolina,7854,0
358,VISITDENVER,US-CA,California,7855,12
382,FILSON,US-AK,Alaska,7856,250
358,VISITDENVER,US-FL,Florida,7856,13
381,MODERNTREASURY-MDG-TRADR,US-CA,California,7860,86
381,MODERNTREASURY-MDG-TRADR,US-FL,Florida,7862,69
49,FJALLRAVEN,CA-ON,Ontario,7866,1009
256,SHEEX-MDG-TRADR,US-FL,Florida,7868,212
358,VISITDENVER,US-NY,New York,7868,14
358,VISITDENVER,US-NY,New York,7868,25
381,MODERNTREASURY-MDG-TRADR,US-VA,Virginia,7868,71
358,VISITDENVER,US-PA,Pennsylvania,7871,27
351,PINNACLEBANK&BOC-KARSHHAGAN,US-WY,Wyoming,7871,88
358,VISITDENVER,US-MA,Massachusetts,7872,34
182,ZIPRECRUITER-MDG-TRADR,US-TX,Texas,7874,0
252,SMARTBIZ-MDG-TRADR,US-TX,Texas,7876,24
252,SMARTBIZ-MDG-TRADR,US-AZ,Arizona,7877,24
358,VISITDENVER,US-SD,South Dakota,7879,25
325,STAUD,US-CO,Colorado,7880,306
358,VISITDENVER,US-SC,South Carolina,7881,30
358,VISITDENVER,US-AZ,Arizona,7886,16
358,VISITDENVER,US-KY,Kentucky,7888,27
381,MODERNTREASURY-MDG-TRADR,US-NY,New York,7891,78
182,ZIPRECRUITER-MDG-TRADR,US-FL,Florida,7893,0
358,VISITDENVER,US-NJ,New Jersey,7893,18
382,FILSON,US-CA,California,7898,456
358,VISITDENVER,US-MA,Massachusetts,7898,34
358,VISITDENVER,US-IL,Illinois,7904,13
252,SMARTBIZ-MDG-TRADR,US-GA,Georgia,7906,31
358,VISITDENVER,US-OK,Oklahoma,7913,27
174,POSITEC-WORX-TRADR,US-GA,Georgia,7914,294
358,VISITDENVER,US-TX,Texas,7917,26
358,VISITDENVER,US-NH,New Hampshire,7918,44
382,FILSON,US-MI,Michigan,7921,750
358,VISITDENVER,US-ME,Maine,7922,24
385,DUKECANNON,US-TX,Texas,7923,722
295,BENCHMADE,US-WI,Wisconsin,7923,27
174,POSITEC-WORX-TRADR,US-FL,Florida,7926,318
174,POSITEC-WORX-TRADR,US-HI,Hawaii,7931,42
358,VISITDENVER,US-NJ,New Jersey,7935,19
49,FJALLRAVEN,US-MA,Massachusetts,7940,645
381,MODERNTREASURY-MDG-TRADR,US-MI,Michigan,7946,32
364,SCOOTER-KARSHHAGAN,US-NE,Nebraska,7952,70
182,ZIPRECRUITER-MDG-TRADR,US-FL,Florida,7958,0
381,MODERNTREASURY-MDG-TRADR,US-WA,Washington,7958,57
358,VISITDENVER,US-IL,Illinois,7960,14
358,VISITDENVER,US-MN,Minnesota,7970,47
351,PINNACLEBANK&BOC-KARSHHAGAN,US-CO,Colorado,7973,281
382,FILSON,US-CO,Colorado,7974,171
358,VISITDENVER,US-MA,Massachusetts,7974,28
351,PINNACLEBANK&BOC-KARSHHAGAN,US-CO,Colorado,7976,249
174,POSITEC-WORX-TRADR,US-VA,Virginia,7977,393
381,MODERNTREASURY-MDG-TRADR,US-WI,Wisconsin,7981,138
358,VISITDENVER,US-OH,Ohio,7982,37
382,FILSON,US-AL,Alabama,7984,192
349,WINE ENTHUSIAST,US-OR,Oregon,7986,21
358,VISITDENVER,US-TX,Texas,7986,33
385,DUKECANNON,US-MO,Missouri,7987,704
358,VISITDENVER,US-IL,Illinois,7988,24
174,POSITEC-WORX-TRADR,US-NY,New York,7988,364
358,VISITDENVER,US-OR,Oregon,7988,41
358,VISITDENVER,US-NV,Nevada,7991,36
174,POSITEC-WORX-TRADR,US-NY,New York,7992,8
174,POSITEC-WORX-TRADR,US-FL,Florida,7996,342
381,MODERNTREASURY-MDG-TRADR,US-VA,Virginia,8007,100
358,VISITDENVER,US-NH,New Hampshire,8008,44
358,VISITDENVER,US-TX,Texas,8008,19
49,FJALLRAVEN,CA-BC,British Columbia,8009,240
358,VISITDENVER,US-NH,New Hampshire,8011,27
382,FILSON,US-TX,Texas,8012,178
358,VISITDENVER,US-OK,Oklahoma,8015,42
358,VISITDENVER,US-MI,Michigan,8018,32
358,VISITDENVER,US-OK,Oklahoma,8018,30
358,VISITDENVER,US-OR,Oregon,8018,39
358,VISITDENVER,US-KY,Kentucky,8021,27
349,WINE ENTHUSIAST,US-CA,California,8023,14
358,VISITDENVER,US-GA,Georgia,8023,34
182,ZIPRECRUITER-MDG-TRADR,US-TX,Texas,8025,0
252,SMARTBIZ-MDG-TRADR,US-CO,Colorado,8029,30
358,VISITDENVER,US-CO,Colorado,8032,10
381,MODERNTREASURY-MDG-TRADR,US-IL,Illinois,8034,32
174,POSITEC-WORX-TRADR,US-MT,Montana,8034,180
356,STARFACE-MDG-TRADR,US-ID,Idaho,8035,90
356,STARFACE-MDG-TRADR,US-MD,Maryland,8040,25
358,VISITDENVER,US-TX,Texas,8044,21
358,VISITDENVER,US-WA,Washington,8046,17
358,VISITDENVER,US-NJ,New Jersey,8047,22
358,VISITDENVER,US-NJ,New Jersey,8049,17
381,MODERNTREASURY-MDG-TRADR,US-OH,Ohio,8050,95
274,BOBOS,US-TX,Texas,8055,130
358,VISITDENVER,US-NJ,New Jersey,8059,22
358,VISITDENVER,US-CO,Colorado,8062,22
358,VISITDENVER,US-NY,New York,8063,3
182,ZIPRECRUITER-MDG-TRADR,US-OK,Oklahoma,8066,0
256,SHEEX-MDG-TRADR,US-FL,Florida,8071,248
358,VISITDENVER,US-WV,West Virginia,8074,23
358,VISITDENVER,US-CO,Colorado,8075,15
381,MODERNTREASURY-MDG-TRADR,US-MI,Michigan,8078,138
381,MODERNTREASURY-MDG-TRADR,US-CA,California,8079,106
252,SMARTBIZ-MDG-TRADR,US-NC,North Carolina,8083,18
274,BOBOS,US-HI,Hawaii,8086,34
256,SHEEX-MDG-TRADR,US-NJ,New Jersey,8088,273
356,STARFACE-MDG-TRADR,US-CO,Colorado,8090,100
381,MODERNTREASURY-MDG-TRADR,US-FL,Florida,8091,51
49,FJALLRAVEN,US-CA,California,8099,792
382,FILSON,US-GA,Georgia,8099,260
256,SHEEX-MDG-TRADR,US-TX,Texas,8101,278
295,BENCHMADE,US-UT,Utah,8104,19
381,MODERNTREASURY-MDG-TRADR,US-GA,Georgia,8106,64
358,VISITDENVER,US-MD,Maryland,8118,41
381,MODERNTREASURY-MDG-TRADR,US-FL,Florida,8121,64
358,VISITDENVER,US-WV,West Virginia,8121,33
358,VISITDENVER,US-LA,Louisiana,8123,19
358,VISITDENVER,US-NY,New York,8123,9
358,VISITDENVER,US-OK,Oklahoma,8129,22
349,WINE ENTHUSIAST,US-CO,Colorado,8133,7
358,VISITDENVER,US-TX,Texas,8136,28
182,ZIPRECRUITER-MDG-TRADR,US-MI,Michigan,8138,0
358,VISITDENVER,US-MT,Montana,8140,43
356,STARFACE-MDG-TRADR,US-MD,Maryland,8141,167
325,STAUD,US-FL,Florida,8144,645
358,VISITDENVER,US-AL,Alabama,8148,24
256,SHEEX-MDG-TRADR,US-CO,Colorado,8152,188
358,VISITDENVER,US-NC,North Carolina,8152,46
182,ZIPRECRUITER-MDG-TRADR,US-TN,Tennessee,8152,0
325,STAUD,US-NC,North Carolina,8158,725
358,VISITDENVER,US-CO,Colorado,8161,22
358,VISITDENVER,US-OH,Ohio,8167,48
359,THEGREAT,US-FL,Florida,8168,240
182,ZIPRECRUITER-MDG-TRADR,US-VA,Virginia,8168,0
358,VISITDENVER,US-CT,Connecticut,8172,30
358,VISITDENVER,US-ME,Maine,8174,28
256,SHEEX-MDG-TRADR,US-NY,New York,8181,315
358,VISITDENVER,US-PA,Pennsylvania,8183,44
358,VISITDENVER,US-CA,California,8184,7
358,VISITDENVER,US-IL,Illinois,8184,21
358,VISITDENVER,US-OR,Oregon,8185,28
174,POSITEC-WORX-TRADR,US-IA,Iowa,8195,306
358,VISITDENVER,US-IL,Illinois,8197,35
356,STARFACE-MDG-TRADR,US-AZ,Arizona,8198,184
364,SCOOTER-KARSHHAGAN,US-KS,Kansas,8198,60
325,STAUD,US-TN,Tennessee,8201,472
364,SCOOTER-KARSHHAGAN,US-AL,Alabama,8205,128
49,FJALLRAVEN,US-OK,Oklahoma,8208,325
358,VISITDENVER,US-MS,Mississippi,8212,29
252,SMARTBIZ-MDG-TRADR,US-GA,Georgia,8216,25
182,ZIPRECRUITER-MDG-TRADR,US-CA,California,8217,0
358,VISITDENVER,US-PA,Pennsylvania,8218,48
358,VISITDENVER,US-NJ,New Jersey,8220,46
382,FILSON,US-WA,Washington,8221,504
174,POSITEC-WORX-TRADR,US-OR,Oregon,8229,94
351,PINNACLEBANK&BOC-KARSHHAGAN,US-CO,Colorado,8233,245
358,VISITDENVER,US-KY,Kentucky,8234,36
358,VISITDENVER,US-WV,West Virginia,8236,19
358,VISITDENVER,US-MA,Massachusetts,8237,36
295,BENCHMADE,US-CO,Colorado,8238,10
358,VISITDENVER,US-OH,Ohio,8240,28
182,ZIPRECRUITER-MDG-TRADR,US-WI,Wisconsin,8240,1
182,ZIPRECRUITER-MDG-TRADR,US-ID,Idaho,8242,0
358,VISITDENVER,US-NC,North Carolina,8244,35
382,FILSON,US-AL,Alabama,8245,220
345,NORTHERNLIGHTSHEALTH-KARSHHAGAN,US-ME,Maine,8245,119
358,VISITDENVER,US-NV,Nevada,8248,43
358,VISITDENVER,US-NC,North Carolina,8249,41
358,VISITDENVER,US-CO,Colorado,8253,10
358,VISITDENVER,US-CO,Colorado,8262,15
358,VISITDENVER,US-CA,California,8264,26
174,POSITEC-WORX-TRADR,US-WA,Washington,8265,100
49,FJALLRAVEN,US-IA,Iowa,8266,323
358,VISITDENVER,US-MA,Massachusetts,8266,22
358,VISITDENVER,US-MI,Michigan,8266,28
358,VISITDENVER,US-IN,Indiana,8267,38
174,POSITEC-WORX-TRADR,US-CA,California,8270,137
252,SMARTBIZ-MDG-TRADR,US-NE,Nebraska,8273,48
274,BOBOS,US-OR,Oregon,8275,81
49,FJALLRAVEN,US-NJ,New Jersey,8278,891
252,SMARTBIZ-MDG-TRADR,US-AZ,Arizona,8279,28
182,ZIPRECRUITER-MDG-TRADR,US-NM,New Mexico,8280,0
358,VISITDENVER,US-NY,New York,8280,18
388,CAT CANADA,CA-QC,Quebec,8280,42
358,VISITDENVER,US-TX,Texas,8280,30
174,POSITEC-WORX-TRADR,US-FL,Florida,8282,307
358,VISITDENVER,US-NY,New York,8282,13
358,VISITDENVER,US-MN,Minnesota,8287,24
358,VISITDENVER,US-AZ,Arizona,8289,50
358,VISITDENVER,US-KS,Kansas,8292,27
174,POSITEC-WORX-TRADR,US-NE,Nebraska,8293,121
274,BOBOS,US-TX,Texas,8294,19
216,ROYAL ROBBINS,US-PA,Pennsylvania,8295,404
174,POSITEC-WORX-TRADR,US-HI,Hawaii,8297,68
358,VISITDENVER,US-LA,Louisiana,8303,37
49,FJALLRAVEN,US-CA,California,8304,294
358,VISITDENVER,US-MS,Mississippi,8304,31
358,VISITDENVER,US-TN,Tennessee,8305,57
358,VISITDENVER,US-UT,Utah,8305,42
256,SHEEX-MDG-TRADR,US-WI,Wisconsin,8305,305
358,VISITDENVER,US-OH,Ohio,8308,64
358,VISITDENVER,US-MA,Massachusetts,8311,23
359,THEGREAT,US-FL,Florida,8315,198
351,PINNACLEBANK&BOC-KARSHHAGAN,US-WY,Wyoming,8315,34
358,VISITDENVER,US-MA,Massachusetts,8317,39
358,VISITDENVER,US-WI,Wisconsin,8319,18
358,VISITDENVER,US-NC,North Carolina,8321,34
325,STAUD,US-MN,Minnesota,8322,1214
358,VISITDENVER,US-KY,Kentucky,8328,46
358,VISITDENVER,US-SC,South Carolina,8328,52
358,VISITDENVER,US-KS,Kansas,8335,32
359,THEGREAT,US-NE,Nebraska,8338,222
381,MODERNTREASURY-MDG-TRADR,US-NC,North Carolina,8339,44
174,POSITEC-WORX-TRADR,US-KS,Kansas,8342,92
351,PINNACLEBANK&BOC-KARSHHAGAN,US-CO,Colorado,8344,30
358,VISITDENVER,US-HI,Hawaii,8345,28
252,SMARTBIZ-MDG-TRADR,US-CA,California,8346,30
174,POSITEC-WORX-TRADR,US-NM,New Mexico,8348,119
358,VISITDENVER,US-MI,Michigan,8349,36
358,VISITDENVER,US-HI,Hawaii,8353,25
358,VISITDENVER,US-WV,West Virginia,8353,52
358,VISITDENVER,US-CA,California,8354,7
358,VISITDENVER,US-MO,Missouri,8355,29
381,MODERNTREASURY-MDG-TRADR,US-CO,Colorado,8356,75
174,POSITEC-WORX-TRADR,US-CA,California,8358,134
358,VISITDENVER,US-KS,Kansas,8359,23
358,VISITDENVER,US-PA,Pennsylvania,8359,33
385,DUKECANNON,US-FL,Florida,8360,435
174,POSITEC-WORX-TRADR,US-CO,Colorado,8361,65
358,VISITDENVER,US-MA,Massachusetts,8363,36
358,VISITDENVER,US-GA,Georgia,8364,32
358,VISITDENVER,US-KS,Kansas,8367,20
296,GENUINEGUIDEGEAR,CA-AB,Alberta,8370,587
351,PINNACLEBANK&BOC-KARSHHAGAN,US-CO,Colorado,8374,41
174,POSITEC-WORX-TRADR,US-GA,Georgia,8376,330
358,VISITDENVER,US-OR,Oregon,8377,28
274,BOBOS,US-CO,Colorado,8381,46
358,VISITDENVER,US-KS,Kansas,8381,35
358,VISITDENVER,US-CA,California,8382,27
358,VISITDENVER,US-CT,Connecticut,8383,33
358,VISITDENVER,US-PA,Pennsylvania,8384,37
174,POSITEC-WORX-TRADR,US-MA,Massachusetts,8391,187
382,FILSON,US-MA,Massachusetts,8393,2116
295,BENCHMADE,US-AZ,Arizona,8394,13
174,POSITEC-WORX-TRADR,US-WI,Wisconsin,8397,347
381,MODERNTREASURY-MDG-TRADR,US-TX,Texas,8399,49
182,ZIPRECRUITER-MDG-TRADR,US-IL,Illinois,8403,0
358,VISITDENVER,US-LA,Louisiana,8407,31
252,SMARTBIZ-MDG-TRADR,US-CA,California,8408,35
349,WINE ENTHUSIAST,US-CO,Colorado,8409,15
358,VISITDENVER,US-MI,Michigan,8411,32
358,VISITDENVER,US-NH,New Hampshire,8411,46
182,ZIPRECRUITER-MDG-TRADR,US-WA,Washington,8412,3
345,NORTHERNLIGHTSHEALTH-KARSHHAGAN,US-ME,Maine,8413,338
351,PINNACLEBANK&BOC-KARSHHAGAN,US-WY,Wyoming,8413,7
358,VISITDENVER,US-NY,New York,8415,33
358,VISITDENVER,US-OH,Ohio,8419,37
182,ZIPRECRUITER-MDG-TRADR,US-CO,Colorado,8420,1
359,THEGREAT,US-TX,Texas,8421,422
358,VISITDENVER,US-NJ,New Jersey,8424,10
381,MODERNTREASURY-MDG-TRADR,US-NE,Nebraska,8429,185
358,VISITDENVER,US-PA,Pennsylvania,8429,42
358,VISITDENVER,US-GA,Georgia,8430,21
364,SCOOTER-KARSHHAGAN,US-IA,Iowa,8431,77
356,STARFACE-MDG-TRADR,US-KY,Kentucky,8434,42
252,SMARTBIZ-MDG-TRADR,US-IN,Indiana,8438,19
174,POSITEC-WORX-TRADR,US-NY,New York,8438,82
174,POSITEC-WORX-TRADR,US-CA,California,8444,72
358,VISITDENVER,US-MA,Massachusetts,8445,35
382,FILSON,US-WY,Wyoming,8445,171
358,VISITDENVER,US-GA,Georgia,8449,24
182,ZIPRECRUITER-MDG-TRADR,US-FL,Florida,8451,0
358,VISITDENVER,US-NJ,New Jersey,8455,20
174,POSITEC-WORX-TRADR,US-OK,Oklahoma,8461,190
358,VISITDENVER,US-NV,Nevada,8465,40
49,FJALLRAVEN,CA-ON,Ontario,8465,793
358,VISITDENVER,US-MA,Massachusetts,8467,42
174,POSITEC-WORX-TRADR,US-MO,Missouri,8472,270
325,STAUD,US-NY,New York,8476,1104
358,VISITDENVER,US-TX,Texas,8478,28
382,FILSON,US-FL,Florida,8480,746
358,VISITDENVER,US-IL,Illinois,8480,31
358,VISITDENVER,US-WI,Wisconsin,8480,31
382,FILSON,US-SC,South Carolina,8484,309
358,VISITDENVER,US-FL,Florida,8485,54
182,ZIPRECRUITER-MDG-TRADR,US-GA,Georgia,8487,0
358,VISITDENVER,US-OH,Ohio,8488,33
358,VISITDENVER,US-CA,California,8489,31
358,VISITDENVER,US-PA,Pennsylvania,8490,37
49,FJALLRAVEN,US-CO,Colorado,8491,119
358,VISITDENVER,US-MD,Maryland,8491,20
358,VISITDENVER,US-GA,Georgia,8495,46
358,VISITDENVER,US-PA,Pennsylvania,8506,47
382,FILSON,US-CA,California,8507,274
252,SMARTBIZ-MDG-TRADR,US-FL,Florida,8508,31
358,VISITDENVER,US-NC,North Carolina,8509,32
252,SMARTBIZ-MDG-TRADR,US-VA,Virginia,8513,38
351,PINNACLEBANK&BOC-KARSHHAGAN,US-NE,Nebraska,8514,32
298,ANON,US-WA,Washington,8515,30
351,PINNACLEBANK&BOC-KARSHHAGAN,US-CO,Colorado,8518,36
182,ZIPRECRUITER-MDG-TRADR,US-FL,Florida,8518,0
382,FILSON,US-KY,Kentucky,8519,456
345,NORTHERNLIGHTSHEALTH-KARSHHAGAN,US-NH,New Hampshire,8519,126
358,VISITDENVER,US-ME,Maine,8521,21
358,VISITDENVER,US-SC,South Carolina,8526,33
358,VISITDENVER,US-FL,Florida,8527,57
358,VISITDENVER,US-LA,Louisiana,8536,40
358,VISITDENVER,US-OR,Oregon,8537,22
364,SCOOTER-KARSHHAGAN,US-IA,Iowa,8539,67
358,VISITDENVER,US-CA,California,8542,36
358,VISITDENVER,US-KS,Kansas,8552,27
358,VISITDENVER,US-KY,Kentucky,8554,35
358,VISITDENVER,US-NJ,New Jersey,8555,20
358,VISITDENVER,US-OH,Ohio,8570,32
358,VISITDENVER,US-PA,Pennsylvania,8571,27
358,VISITDENVER,US-IL,Illinois,8573,24
49,FJALLRAVEN,US-VA,Virginia,8574,382
358,VISITDENVER,US-CA,California,8575,43
174,POSITEC-WORX-TRADR,US-NE,Nebraska,8577,39
381,MODERNTREASURY-MDG-TRADR,US-NC,North Carolina,8581,64
358,VISITDENVER,US-CT,Connecticut,8584,34
382,FILSON,US-LA,Louisiana,8585,376
174,POSITEC-WORX-TRADR,US-VA,Virginia,8587,406
358,VISITDENVER,US-MD,Maryland,8589,44
182,ZIPRECRUITER-MDG-TRADR,US-WA,Washington,8589,1
358,VISITDENVER,US-MO,Missouri,8592,54
358,VISITDENVER,US-OH,Ohio,8600,35
381,MODERNTREASURY-MDG-TRADR,US-DC,District of Columbia,8603,142
358,VISITDENVER,US-IN,Indiana,8603,30
274,BOBOS,US-KS,Kansas,8604,90
358,VISITDENVER,US-TN,Tennessee,8607,60
358,VISITDENVER,US-OH,Ohio,8608,35
358,VISITDENVER,US-NY,New York,8610,25
358,VISITDENVER,US-MI,Michigan,8611,26
381,MODERNTREASURY-MDG-TRADR,US-NJ,New Jersey,8614,94
358,VISITDENVER,US-IL,Illinois,8615,27
358,VISITDENVER,US-CA,California,8616,29
182,ZIPRECRUITER-MDG-TRADR,US-LA,Louisiana,8616,0
388,CAT CANADA,CA-ON,Ontario,8616,40
358,VISITDENVER,US-CT,Connecticut,8622,36
49,FJALLRAVEN,US-VA,Virginia,8624,607
358,VISITDENVER,US-KS,Kansas,8625,39
381,MODERNTREASURY-MDG-TRADR,US-FL,Florida,8626,95
358,VISITDENVER,US-HI,Hawaii,8629,16
358,VISITDENVER,US-PA,Pennsylvania,8631,38
345,NORTHERNLIGHTSHEALTH-KARSHHAGAN,US-ME,Maine,8633,57
358,VISITDENVER,US-NC,North Carolina,8633,18
351,PINNACLEBANK&BOC-KARSHHAGAN,US-NE,Nebraska,8635,10
256,SHEEX-MDG-TRADR,US-FL,Florida,8636,310
358,VISITDENVER,US-FL,Florida,8637,45
256,SHEEX-MDG-TRADR,US-FL,Florida,8640,216
382,FILSON,US-TX,Texas,8643,313
358,VISITDENVER,US-KS,Kansas,8644,32
256,SHEEX-MDG-TRADR,US-AZ,Arizona,8647,188
358,VISITDENVER,US-TX,Texas,8647,18
252,SMARTBIZ-MDG-TRADR,US-FL,Florida,8650,20
274,BOBOS,US-OH,Ohio,8650,117
358,VISITDENVER,US-ME,Maine,8651,11
358,VISITDENVER,US-PA,Pennsylvania,8654,33
174,POSITEC-WORX-TRADR,US-OR,Oregon,8656,105
364,SCOOTER-KARSHHAGAN,US-TX,Texas,8658,127
358,VISITDENVER,US-PA,Pennsylvania,8661,42
356,STARFACE-MDG-TRADR,US-CA,California,8662,107
358,VISITDENVER,US-FL,Florida,8663,47
358,VISITDENVER,US-AK,Alaska,8667,23
325,STAUD,US-CA,California,8668,617
358,VISITDENVER,US-NJ,New Jersey,8669,21
274,BOBOS,US-CA,California,8670,62
358,VISITDENVER,US-TN,Tennessee,8670,39
358,VISITDENVER,US-WA,Washington,8672,19
358,VISITDENVER,US-IN,Indiana,8674,40
358,VISITDENVER,US-WA,Washington,8675,31
358,VISITDENVER,US-CT,Connecticut,8678,24
252,SMARTBIZ-MDG-TRADR,US-TX,Texas,8680,10
358,VISITDENVER,US-CO,Colorado,8683,14
358,VISITDENVER,US-SC,South Carolina,8684,46
174,POSITEC-WORX-TRADR,US-OH,Ohio,8687,341
358,VISITDENVER,US-WI,Wisconsin,8692,27
274,BOBOS,US-IA,Iowa,8694,137
174,POSITEC-WORX-TRADR,US-NV,Nevada,8701,139
356,STARFACE-MDG-TRADR,US-OH,Ohio,8702,71
182,ZIPRECRUITER-MDG-TRADR,US-FL,Florida,8703,0
358,VISITDENVER,US-WV,West Virginia,8704,41
358,VISITDENVER,US-GA,Georgia,8706,39
382,FILSON,US-OH,Ohio,8710,368
358,VISITDENVER,US-CA,California,8717,31
358,VISITDENVER,US-ME,Maine,8720,35
358,VISITDENVER,US-TN,Tennessee,8720,44
174,POSITEC-WORX-TRADR,US-TX,Texas,8720,289
326,7Mesh,CA-AB,Alberta,8730,513
298,ANON,US-NY,New York,8731,68
358,VISITDENVER,US-NY,New York,8733,17
358,VISITDENVER,US-LA,Louisiana,8734,30
252,SMARTBIZ-MDG-TRADR,US-FL,Florida,8740,19
382,FILSON,US-NV,Nevada,8741,392
49,FJALLRAVEN,US-MA,Massachusetts,8742,840
358,VISITDENVER,US-MA,Massachusetts,8743,36
358,VISITDENVER,US-AL,Alabama,8745,27
216,ROYAL ROBBINS,US-NV,Nevada,8748,139
358,VISITDENVER,US-NY,New York,8749,29
358,VISITDENVER,US-NY,New York,8750,27
174,POSITEC-WORX-TRADR,US-TX,Texas,8750,245
49,FJALLRAVEN,US-CA,California,8754,62
358,VISITDENVER,US-CA,California,8755,28
358,VISITDENVER,US-CA,California,8760,43
358,VISITDENVER,US-NE,Nebraska,8760,40
256,SHEEX-MDG-TRADR,US-FL,Florida,8763,218
358,VISITDENVER,US-UT,Utah,8763,39
358,VISITDENVER,US-MA,Massachusetts,8768,33
358,VISITDENVER,US-OK,Oklahoma,8776,10
388,CAT CANADA,CA-AB,Alberta,8781,32
345,NORTHERNLIGHTSHEALTH-KARSHHAGAN,US-ME,Maine,8781,129
274,BOBOS,US-AZ,Arizona,8782,112
351,PINNACLEBANK&BOC-KARSHHAGAN,US-AZ,Arizona,8782,1126
381,MODERNTREASURY-MDG-TRADR,US-NC,North Carolina,8782,47
358,VISITDENVER,US-MI,Michigan,8785,37
358,VISITDENVER,US-IN,Indiana,8789,24
349,WINE ENTHUSIAST,US-WA,Washington,8789,30
358,VISITDENVER,US-WV,West Virginia,8790,37
49,FJALLRAVEN,US-CA,California,8793,341
358,VISITDENVER,US-IN,Indiana,8796,40
358,VISITDENVER,US-IA,Iowa,8796,42
349,WINE ENTHUSIAST,US-WA,Washington,8797,19
358,VISITDENVER,US-TX,Texas,8799,32
252,SMARTBIZ-MDG-TRADR,US-CA,California,8802,51
382,FILSON,US-NC,North Carolina,8802,321
325,STAUD,US-FL,Florida,8803,581
358,VISITDENVER,US-WI,Wisconsin,8811,33
182,ZIPRECRUITER-MDG-TRADR,US-MT,Montana,8817,0
381,MODERNTREASURY-MDG-TRADR,US-VA,Virginia,8819,76
358,VISITDENVER,US-OH,Ohio,8821,34
358,VISITDENVER,US-VT,Vermont,8821,31
358,VISITDENVER,US-PA,Pennsylvania,8822,33
359,THEGREAT,US-TX,Texas,8822,854
358,VISITDENVER,US-CT,Connecticut,8825,15
252,SMARTBIZ-MDG-TRADR,US-WA,Washington,8827,43
174,POSITEC-WORX-TRADR,US-VA,Virginia,8830,355
381,MODERNTREASURY-MDG-TRADR,US-WA,Washington,8830,49
345,NORTHERNLIGHTSHEALTH-KARSHHAGAN,US-NH,New Hampshire,8831,141
358,VISITDENVER,US-NJ,New Jersey,8833,19
358,VISITDENVER,US-OR,Oregon,8834,41
358,VISITDENVER,US-VT,Vermont,8843,26
358,VISITDENVER,US-CA,California,8848,12
358,VISITDENVER,US-NJ,New Jersey,8859,19
358,VISITDENVER,US-NJ,New Jersey,8859,23
358,VISITDENVER,US-GA,Georgia,8860,31
345,NORTHERNLIGHTSHEALTH-KARSHHAGAN,US-ME,Maine,8862,96
358,VISITDENVER,US-MN,Minnesota,8871,28
358,VISITDENVER,US-NY,New York,8874,27
358,VISITDENVER,US-OK,Oklahoma,8876,36
381,MODERNTREASURY-MDG-TRADR,US-NV,Nevada,8883,54
358,VISITDENVER,US-NJ,New Jersey,8883,23
256,SHEEX-MDG-TRADR,US-MD,Maryland,8891,341
256,SHEEX-MDG-TRADR,US-AZ,Arizona,8894,265
358,VISITDENVER,US-OH,Ohio,8894,41
358,VISITDENVER,US-MI,Michigan,8899,41
358,VISITDENVER,US-WI,Wisconsin,8905,34
356,STARFACE-MDG-TRADR,US-TX,Texas,8911,42
182,ZIPRECRUITER-MDG-TRADR,US-IN,Indiana,8912,0
358,VISITDENVER,US-PA,Pennsylvania,8914,52
358,VISITDENVER,US-NC,North Carolina,8917,26
358,VISITDENVER,US-RI,Rhode Island,8920,49
252,SMARTBIZ-MDG-TRADR,US-TX,Texas,8921,17
295,BENCHMADE,US-AZ,Arizona,8926,11
358,VISITDENVER,US-PA,Pennsylvania,8928,40
252,SMARTBIZ-MDG-TRADR,US-NY,New York,8931,54
349,WINE ENTHUSIAST,US-CO,Colorado,8932,16
364,SCOOTER-KARSHHAGAN,US-IA,Iowa,8944,67
182,ZIPRECRUITER-MDG-TRADR,US-ND,North Dakota,8948,0
358,VISITDENVER,US-VA,Virginia,8950,18
174,POSITEC-WORX-TRADR,US-CA,California,8951,172
49,FJALLRAVEN,US-RI,Rhode Island,8951,508
381,MODERNTREASURY-MDG-TRADR,US-FL,Florida,8955,62
358,VISITDENVER,US-HI,Hawaii,8956,19
358,VISITDENVER,US-FL,Florida,8959,37
358,VISITDENVER,US-MN,Minnesota,8965,46
381,MODERNTREASURY-MDG-TRADR,US-MD,Maryland,8966,110
358,VISITDENVER,US-MD,Maryland,8968,46
382,FILSON,US-OH,Ohio,8968,173
252,SMARTBIZ-MDG-TRADR,US-OH,Ohio,8968,32
358,VISITDENVER,US-WA,Washington,8969,33
382,FILSON,US-VA,Virginia,8970,245
358,VISITDENVER,US-NJ,New Jersey,8976,28
358,VISITDENVER,US-WY,Wyoming,8977,18
349,WINE ENTHUSIAST,US-CA,California,8980,15
358,VISITDENVER,US-TN,Tennessee,8982,34
256,SHEEX-MDG-TRADR,US-WA,Washington,8982,200
358,VISITDENVER,US-NJ,New Jersey,8986,28
358,VISITDENVER,US-NY,New York,8986,20
349,WINE ENTHUSIAST,US-CA,California,8992,14
358,VISITDENVER,US-ME,Maine,8993,28
382,FILSON,US-TX,Texas,8996,222
382,FILSON,US-CA,California,8997,886
256,SHEEX-MDG-TRADR,US-FL,Florida,8999,279
358,VISITDENVER,US-IL,Illinois,9002,33
174,POSITEC-WORX-TRADR,US-CA,California,9003,96
358,VISITDENVER,US-NC,North Carolina,9003,33
358,VISITDENVER,US-OH,Ohio,9009,46
358,VISITDENVER,US-NY,New York,9017,7
182,ZIPRECRUITER-MDG-TRADR,US-NY,New York,9020,1
358,VISITDENVER,US-PA,Pennsylvania,9022,44